,Date,BTC_Price,Gold_Price,BTC_Change,BTC_pct_Change,Gold_Change,Gold_pct_Change
0,2/1/2013,20.56073352,1665.0,0.0,0.0,0.0,0.0
1,2/8/2013,22.88873466,1669.75,2.3280011400000014,11.322558787776174,4.75,0.2852852852852853
2,2/15/2013,27.50265686,1629.25,4.6139221999999975,20.158048352332976,-40.5,-2.4255128013175624
3,2/22/2013,30.706054499999997,1580.0,3.203397640000002,11.647593380910918,-49.25,-3.022863280650606
4,3/1/2013,34.94444927,1570.0,4.238394769999999,13.803123973482165,-10.0,-0.6329113924050633
5,3/8/2013,44.24245289,1577.0,9.298003620000003,26.607955810545253,7.0,0.445859872611465
6,3/15/2013,46.87486661,1593.25,2.6324137199999953,5.949972363749733,16.25,1.030437539632213
7,3/22/2013,70.14020479999999,1611.5,23.26533819000001,49.632862709921234,18.25,1.1454573983994978
8,3/29/2013,89.93351392,1602.5,19.79330911999999,28.21963405501774,-9.0,-0.5584858827179646
9,4/5/2013,142.05667759999997,1552.75,52.12316369999999,57.95744147878615,-49.75,-3.1045241809672386
10,4/12/2013,111.4182494,1548.0,-30.638428219999994,-21.567749389407407,-4.75,-0.30590887135726935
11,4/19/2013,118.5232337,1414.0,7.104984310000006,6.376858681823812,-134.0,-8.656330749354005
12,4/26/2013,137.2631168,1462.25,18.739883039999995,15.811147277547558,48.25,3.412305516265912
13,5/3/2013,98.04223123,1476.5,-39.220885519999996,-28.573506451433538,14.25,0.9745255599247734
14,5/10/2013,117.88481370000001,1449.25,19.84258242,20.238811551983893,-27.25,-1.8455807653234
15,5/17/2013,117.17212649999999,1376.75,-0.7126871499999936,-0.6045623078439618,-72.5,-5.002587545282043
16,5/24/2013,128.7204188,1385.25,11.548292279999984,9.855835705089797,8.5,0.6173960414018522
17,5/31/2013,127.94651359999999,1410.25,-0.773905159999984,-0.6012295231284859,25.0,1.8047283883775491
18,6/7/2013,110.6462597,1410.0,-17.300253890000008,-13.521473466156028,-0.25,-0.01772735330615139
19,6/14/2013,99.04478256,1379.75,-11.601477169999995,-10.485195973465371,-30.25,-2.145390070921986
20,6/21/2013,101.5723292,1290.25,2.5275466699999924,2.5519230843571576,-89.5,-6.486682369994565
21,6/28/2013,89.9216515,1203.25,-11.650677729999998,-11.470326434690936,-87.0,-6.742879286959891
22,7/5/2013,67.07208381,1232.75,-22.84956769,-25.41052939847307,29.5,2.4516933305630584
23,7/12/2013,90.21308144,1275.0,23.14099763,34.50168283954499,42.25,3.4272966943824783
24,7/19/2013,86.59658658,1286.0,-3.616494860000003,-4.008836415154829,11.0,0.8627450980392156
25,7/26/2013,90.02852805,1327.75,3.4319414700000124,3.9631371229967627,41.75,3.246500777604977
26,8/2/2013,95.88938126,1285.75,5.860853209999988,6.509995594668602,-42.0,-3.1632460930144983
27,8/9/2013,92.53327349999999,1305.5,-3.3561077599999862,-3.499978533493758,19.75,1.5360684425432627
28,8/16/2013,98.30276535,1360.75,5.769491849999994,6.235045656306533,55.25,4.232094982765224
29,8/23/2013,107.8520878,1374.5,9.549322439999997,9.714195125640988,13.75,1.0104721660848797
30,8/30/2013,124.9585209,1392.75,17.106433120000005,15.86101249454543,18.25,1.327755547471808
31,9/6/2013,116.9021332,1368.25,-8.056387749999999,-6.447249608374064,-24.5,-1.759109675103213
32,9/13/2013,127.5439415,1308.25,10.641808339999997,9.103177206728052,-60.0,-4.385163530056642
33,9/20/2013,122.9406284,1355.25,-4.603313139999997,-3.6091978073297954,47.0,3.5925855150009554
34,9/27/2013,126.9030365,1321.5,3.9624081399999938,3.2230257750083244,-33.75,-2.4903154399557277
35,10/4/2013,122.00626340000001,1316.0,-4.896773100000004,-3.8586729167824165,-5.5,-0.41619371925841847
36,10/11/2013,127.2251253,1285.75,5.218861910000001,4.277536058038149,-30.25,-2.298632218844985
37,10/18/2013,152.9649801,1317.0,25.739854770000008,20.231738587233945,31.25,2.4304880419988333
38,10/25/2013,187.11627130000002,1341.75,34.15129123,22.326215590090637,24.75,1.879271070615034
39,11/1/2013,202.0365521,1314.75,14.92028074999999,7.973801874921504,-27.0,-2.0122973728339857
40,11/8/2013,334.0975163,1309.0,132.06096423,65.36488713724489,-5.75,-0.43734550294732844
41,11/15/2013,412.0282403,1281.75,77.93072396000002,23.32574178502883,-27.25,-2.0817417876241406
42,11/22/2013,800.7826778,1241.75,388.75443750999995,94.35140593133166,-40.0,-3.1207333723425004
43,11/29/2013,1133.5574199999999,1245.25,332.7747424600001,41.556186428864656,3.5,0.28186027783370243
44,12/6/2013,818.3291442000001,1230.75,-315.22827600000005,-27.80876119524856,-14.5,-1.1644248142943185
45,12/13/2013,885.4320716,1222.75,67.10292735999997,8.199992366636277,-8.0,-0.6500101564086939
46,12/20/2013,609.9186307,1195.0,-275.51344093,-31.116270775957204,-27.75,-2.269474545082805
47,12/27/2013,721.1723081,1209.25,111.25367749000009,18.240740961041848,14.25,1.1924686192468619
48,1/3/2014,808.1743775,1232.25,87.00206933999993,12.063978103151232,23.0,1.9020053752325823
49,1/10/2014,853.0337151000001,1232.25,44.8593376,5.550700300580878,0.0,0.0
50,1/17/2014,798.1451787000001,1241.0,-54.88853641999992,-6.434509615467229,8.75,0.7100831811726517
51,1/24/2014,779.1151438999999,1259.25,-19.03003473000001,-2.3842823635105326,18.25,1.4705882352941175
52,1/31/2014,803.2089387999999,1246.5,24.09379487000001,3.092456238042875,-12.75,-1.0125074449076832
53,2/7/2014,703.4621199,1260.0,-99.74681892000001,-12.418539448654851,13.5,1.083032490974729
54,2/14/2014,668.5433576,1308.5,-34.91876233000005,-4.963844014224485,48.5,3.8492063492063493
55,2/21/2014,580.4265257000001,1320.75,-88.11683181000001,-13.180421406462003,12.25,0.9361864730607566
56,2/28/2014,553.4618596,1327.75,-26.96466610999994,-4.645663992634042,7.0,0.5300018928639031
57,3/7/2014,631.9173463999999,1348.25,78.45548675999999,14.175409812782583,20.5,1.543965354923743
58,3/14/2014,629.2893456,1370.0,-2.628000830000019,-0.4158773050009134,21.75,1.6132022992768404
59,3/21/2014,570.7579578,1338.5,-58.531387730000006,-9.301188418804921,-31.5,-2.2992700729927007
60,3/28/2014,502.5032337,1295.75,-68.25472413,-11.95861103531554,-42.75,-3.1938737392603658
61,4/4/2014,449.28543229999997,1293.5,-53.21780144000002,-10.590539099251178,-2.25,-0.1736446073702489
62,4/11/2014,421.8815969,1317.25,-27.40383534,-6.099426638908135,23.75,1.8361035948975646
63,4/18/2014,481.1044109,1299.25,59.22281401999999,14.037780849499867,-18.0,-1.3664832036439554
64,4/25/2014,465.13734129999995,1294.25,-15.967069629999969,-3.3188366738943222,-5.0,-0.38483740619588225
65,5/2/2014,452.8604922,1285.0,-12.276849130000016,-2.639403040707039,-9.25,-0.7146996329920804
66,5/9/2014,453.35486900000006,1289.0,0.49437684999998055,0.10916758218852947,4.0,0.311284046692607
67,5/16/2014,448.5614806,1293.75,-4.793388409999977,-1.057314862473173,4.75,0.36850271528316525
68,5/23/2014,523.6907088,1292.0,75.12922820999995,16.74892549983485,-1.75,-0.1352657004830918
69,5/30/2014,620.8884461,1254.0,97.19773727000006,18.56014163152784,-38.0,-2.941176470588235
70,6/6/2014,649.0739930999999,1254.0,28.185547029999952,4.539550897917724,0.0,0.0
71,6/13/2014,599.619914,1273.0,-49.454079139999976,-7.619174341205665,19.0,1.5151515151515151
72,6/20/2014,590.9810561,1310.0,-8.638857850000022,-1.4407223056544607,37.0,2.9065200314218385
73,6/27/2014,602.0678607000001,1315.25,11.086804529999995,1.875999985924015,5.25,0.40076335877862596
74,7/4/2014,630.8686659,1321.5,28.80080527000007,4.783647683493624,6.25,0.47519482988025097
75,7/11/2014,635.6484709,1336.5,4.779804939999963,0.7576545163925696,15.0,1.1350737797956867
76,7/18/2014,631.4140496,1310.25,-4.23442129,-0.6661577088571947,-26.25,-1.964085297418631
77,7/25/2014,601.8771767000001,1292.5,-29.536872870000025,-4.677892880144081,-17.75,-1.3547033008967753
78,8/1/2014,596.1039271000001,1284.5,-5.77324957999997,-0.9592072607673825,-8.0,-0.6189555125725338
79,8/8/2014,590.1352857999999,1317.5,-5.968641349999984,-1.0012752941649719,33.0,2.5690930323082912
80,8/15/2014,497.7956817,1313.6,-92.33960406,-15.647192480006881,-3.900000000000091,-0.29601518026566154
81,8/22/2014,514.6197374,1281.0,16.824055689999966,3.379711055654594,-32.59999999999991,-2.4817295980511505
82,8/29/2014,508.4683087,1285.75,-6.151428729999964,-1.1953347846391593,4.75,0.3708040593286495
83,9/5/2014,480.58322469999996,1264.0,-27.885084020000022,-5.484134122703178,-21.75,-1.691619677231188
84,9/12/2014,475.12425989999997,1237.25,-5.458964729999991,-1.135904136842994,-26.75,-2.1162974683544302
85,9/19/2014,394.23362579999997,1222.5,-80.89063413999997,-17.025153409387066,-14.75,-1.1921600323297636
86,9/26/2014,403.93676439999996,1222.25,9.703138629999955,2.4612661110045666,-0.25,-0.02044989775051125
87,10/3/2014,359.45026980000006,1207.5,-44.48649463999999,-11.013232406011722,-14.75,-1.2067907547555738
88,10/10/2014,359.65864799999997,1222.25,0.20837821000003487,0.057971360022006584,14.75,1.2215320910973084
89,10/17/2014,382.90239610000003,1238.0,23.243748059999973,6.462724638835869,15.75,1.2886070771118838
90,10/24/2014,357.4566995,1231.75,-25.44569659000001,-6.64547854801429,-6.25,-0.5048465266558966
91,10/31/2014,337.058227,1173.25,-20.39847247,-5.7065576055071165,-58.5,-4.749340369393139
92,11/7/2014,341.9099361,1145.0,4.851709140000025,1.439427597772306,-28.25,-2.407841466013211
93,11/14/2014,399.92908680000005,1154.0,58.019150679999996,16.969132671313538,9.0,0.7860262008733625
94,11/21/2014,350.6684624,1193.25,-49.26062440999999,-12.31733975682824,39.25,3.401213171577123
95,11/28/2014,377.2983895,1184.5,26.62992711999999,7.594046791942298,-8.75,-0.7332914309658495
96,12/5/2014,377.70396960000005,1204.5,0.4055800499999691,0.10749583386910279,20.0,1.6884761502743775
97,12/12/2014,352.4045849,1223.5,-25.29938463999997,-6.698204593436609,19.0,1.5774180157741802
98,12/19/2014,318.5636757,1197.5,-33.84090923000002,-9.602857248795935,-26.0,-2.125051082958725
99,12/26/2014,327.59207369999996,1177.0,9.028397970000015,2.8340952401048045,-20.5,-1.7118997912317326
100,1/2/2015,316.110271,1184.25,-11.481802679999987,-3.5049085745632826,7.25,0.6159728122344945
101,1/9/2015,291.0168197,1211.25,-25.093451329999994,-7.938195507098849,27.0,2.279924002533249
102,1/16/2015,208.5686211,1258.25,-82.44819857000002,-28.331076761643043,47.0,3.880288957688338
103,1/23/2015,233.3379622,1293.5,24.76934105000001,11.875871317250612,35.25,2.8015100337770713
104,1/30/2015,227.0887769,1263.5,-6.249185240000003,-2.6781691167692414,-30.0,-2.3192887514495557
105,2/6/2015,222.8871806,1264.0,-4.201596280000018,-1.850199880932556,0.5,0.03957261574990107
106,2/13/2015,236.1815316,1225.75,13.29435092,5.964609935135326,-38.25,-3.026107594936709
107,2/20/2015,244.68106659999998,1203.5,8.49953505000002,3.598729754278292,-22.25,-1.815215174383031
108,2/27/2015,254.63186910000002,1205.0,9.950802539999984,4.066846151307395,1.5,0.12463647694225177
109,3/6/2015,273.3267737,1196.5,18.69490454999999,7.3419343042725265,-8.5,-0.7053941908713693
110,3/13/2015,283.484049,1156.5,10.157275280000022,3.7161655050742066,-40.0,-3.343083994985374
111,3/20/2015,262.4636269,1171.75,-21.020422040000028,-7.415028152862504,15.25,1.3186338089061824
112,3/27/2015,246.86761069999997,1198.0,-15.596016279999986,-5.942162905551672,26.25,2.240238958822274
113,4/3/2015,254.1905011,1201.5,7.322890410000014,2.966322876751193,3.5,0.2921535893155259
114,4/10/2015,236.2307944,1201.9,-17.959706659999995,-7.065451535406007,0.40000000000009095,0.03329171868498468
115,4/17/2015,222.67063399999998,1204.55,-13.560160410000009,-5.740217080690649,2.6499999999998636,0.2204842332972679
116,4/24/2015,231.2520432,1192.15,8.581409250000007,3.8538576444639725,-12.399999999999864,-1.0294300776223373
117,5/1/2015,232.0187986,1179.0,0.7667553499999826,0.33156695147736354,-13.150000000000091,-1.1030491129472038
118,5/8/2015,244.20430090000002,1185.25,12.185502350000007,5.2519461457659675,6.25,0.5301102629346904
119,5/15/2015,237.4067608,1216.3,-6.797540129999987,-2.7835464419892078,31.049999999999955,2.619700485129716
120,5/22/2015,240.4513915,1211.0,3.044630679999983,1.282453233266025,-5.2999999999999545,-0.4357477595987795
121,5/29/2015,236.5005253,1190.4,-3.9508662199999947,-1.6431039119872612,-20.59999999999991,-1.7010734929809999
122,6/5/2015,224.6851071,1175.9,-11.815418139999991,-4.995937377522084,-14.5,-1.2180779569892473
123,6/12/2015,229.42533480000003,1179.25,4.740227680000004,2.109720461916226,3.349999999999909,0.2848881707628122
124,6/19/2015,244.6272094,1198.15,15.201874539999977,6.626066189503223,18.90000000000009,1.602713589145651
125,6/26/2015,243.2778516,1174.4,-1.3493577099999925,-0.551597556782574,-23.75,-1.9822225931644617
126,7/3/2015,256.2461058,1168.25,12.968254160000015,5.330634939669848,-6.150000000000091,-0.5236716621253483
127,7/10/2015,285.6012251,1162.4,29.355119339999987,11.455830420662723,-5.849999999999909,-0.5007489835223546
128,7/17/2015,279.9786998,1143.0,-5.6225253200000225,-1.9686628855474602,-19.40000000000009,-1.668960770819003
129,7/24/2015,288.7440006,1083.75,8.76530077000001,3.1307027197552086,-59.25,-5.183727034120735
130,7/31/2015,284.681201,1080.05,-4.062799589999997,-1.4070593957617636,-3.7000000000000455,-0.3414071510957366
131,8/7/2015,280.3008659,1091.35,-4.380335129999992,-1.5386808523405069,11.299999999999955,1.0462478588954172
132,8/14/2015,264.99138,1116.75,-15.309485919999986,-5.46180471918354,25.40000000000009,2.32739267879233
133,8/21/2015,232.91827569999998,1149.35,-32.07310423000001,-12.103451907021178,32.59999999999991,2.9191851354376457
134,8/28/2015,232.19514390000003,1125.5,-0.7231318499999873,-0.3104659124599101,-23.84999999999991,-2.0750859181276295
135,9/4/2015,230.9482398,1125.0,-1.2469041100000027,-0.537006971471424,-0.5,-0.0444247001332741
136,9/11/2015,240.35840519999996,1106.35,9.41016540999999,4.07457767150725,-18.65000000000009,-1.6577777777777858
137,9/18/2015,232.1751293,1136.0,-8.183275899999984,-3.4046139947600915,29.65000000000009,2.6799837302842766
138,9/25/2015,234.7269865,1145.5,2.55185720999998,1.0991087710485934,9.5,0.8362676056338028
139,10/2/2015,237.85360350000002,1106.3,3.126617049999993,1.3320228308160031,-39.200000000000045,-3.4220864251418632
140,10/9/2015,244.7380406,1151.5,6.884437020000007,2.894400975149274,45.200000000000045,4.085691042212786
141,10/16/2015,263.1900853,1176.35,18.452044769999986,7.53950825483962,24.84999999999991,2.1580547112461925
142,10/23/2015,278.6794394,1171.55,15.489354070000047,5.885234639886718,-4.7999999999999545,-0.4080418242869856
143,10/30/2015,329.47238799999997,1147.75,50.792948629999955,18.22629927101202,-23.799999999999955,-2.031496735094529
144,11/6/2015,375.39511289999996,1107.7,45.92272491,13.938262075914038,-40.049999999999955,-3.489435852755387
145,11/13/2015,338.19160669999997,1083.75,-37.20350628,-9.91049297089207,-23.950000000000045,-2.162137762932206
146,11/20/2015,322.43532430000005,1085.15,-15.75628236,-4.658980900228679,1.400000000000091,0.12918108419839364
147,11/27/2015,358.7104565,1064.65,36.27513219000002,11.250359206106705,-20.5,-1.8891397502649403
148,12/4/2015,363.66925219999996,1063.0,4.95879567999998,1.3823950739156832,-1.650000000000091,-0.1549805100267779
149,12/11/2015,455.3276316000001,1067.2,91.65837947,25.203774838152654,4.2000000000000455,0.39510818438382367
150,12/18/2015,463.0710194,1055.25,7.7433877900000425,1.7006189064959563,-11.950000000000045,-1.1197526236881603
151,12/25/2015,455.6404342,1071.9,-7.4305852600000435,-1.6046318919518885,16.65000000000009,1.5778251599147208
152,1/1/2016,434.33634689999997,1118.17,-21.30408725000001,-4.675635798055401,46.26999999999998,4.31663401436701
153,1/8/2016,453.8620978999999,1097.45,19.52575102000003,4.495536963211143,-20.720000000000027,-1.8530277149270709
154,1/15/2016,359.6326316,1081.1,-94.22946630000001,-20.761695398176474,-16.350000000000136,-1.4898173037496136
155,1/22/2016,382.1528894,1097.65,22.52025778000001,6.262017347516305,16.550000000000182,1.5308482101563392
156,1/29/2016,378.1490014,1112.9,-4.003887969999994,-1.04771887926362,15.25,1.389331754202159
157,2/5/2016,386.7883876,1158.5,8.639386150000007,2.284651319215713,45.59999999999991,4.097403180878777
158,2/12/2016,378.83666669999997,1239.5,-7.951720860000023,-2.0558323659987785,81.0,6.991799741044454
159,2/19/2016,420.32706169999994,1221.5,41.49039497000001,10.952053645739248,-18.0,-1.4521984671238404
160,2/26/2016,434.71229739999995,1231.0,14.385235739999985,3.4223910499170187,9.5,0.7777322963569382
161,3/5/2016,395.3494185,1271.5,-39.3628789,-9.054926472475271,40.5,3.290008123476848
162,3/12/2016,407.2759833,1262.25,11.926564799999994,3.0167148959125907,-9.25,-0.7274872198191112
163,3/19/2016,411.5068619,1254.5,4.230878539999992,1.0388234791806992,-7.75,-0.6139829669241434
164,3/26/2016,417.68131289999997,1216.45,6.174451000000033,1.500449098659398,-38.049999999999955,-3.0330809087285733
165,4/2/2016,421.8530085,1232.1,4.171695590000013,0.9987747742974901,15.649999999999864,1.2865304780303228
166,4/9/2016,418.2597924,1235.0,-3.5932160800000474,-0.851769694148235,2.900000000000091,0.2353705056407833
167,4/16/2016,431.9806333000001,1229.75,13.72084086000001,3.2804589658492014,-5.25,-0.4251012145748988
168,4/23/2016,454.65592069999997,1245.4,22.67528747,5.24914445802878,15.650000000000091,1.2726163854442034
169,4/30/2016,447.60859469999997,1274.5,-7.04732598999999,-1.5500350196341308,29.09999999999991,2.336598683153999
170,5/7/2016,460.037606,1280.25,12.429011290000005,2.776758855020926,5.75,0.45115731659474306
171,5/14/2016,456.2607216,1275.15,-3.7768843800000127,-0.8209947036016473,-5.099999999999909,-0.39835969537199056
172,5/21/2016,442.5225385,1256.5,-13.738183160000006,-3.011037879968932,-18.65000000000009,-1.4625730306238551
173,5/28/2016,527.3270021000001,1221.25,84.80446361999998,19.16387443480074,-35.25,-2.805411858336649
174,6/4/2016,570.950871,1211.0,43.623868860000016,8.272640825573992,-10.25,-0.8393039918116683
175,6/11/2016,614.1066613,1266.6,43.15579032000005,7.558582097867311,55.59999999999991,4.591246903385624
176,6/18/2016,757.7169474,1284.5,143.61028613999997,23.385235040549627,17.90000000000009,1.4132322753829223
177,6/25/2016,666.478299,1313.85,-91.23864845000003,-12.04125745909003,29.34999999999991,2.284935772674185
178,7/2/2016,705.9440134,1331.75,39.46571439000002,5.921530296033911,17.90000000000009,1.362408189671583
179,7/9/2016,650.5796193,1356.1,-55.36439404999999,-7.842604087891969,24.34999999999991,1.8284212502346469
180,7/16/2016,664.6615359,1330.5,14.081916569999976,2.1645185542294043,-25.59999999999991,-1.8877663889093659
181,7/23/2016,656.0183957,1323.2,-8.643140150000022,-1.3003821770063253,-7.2999999999999545,-0.5486659150695193
182,7/30/2016,654.2501793,1332.5,-1.7682163999999148,-0.2695376244796139,9.299999999999955,0.702841596130589
183,8/6/2016,594.1439012999999,1362.6,-60.10627806000002,-9.187048006857749,30.09999999999991,2.2589118198874227
184,8/13/2016,585.3192731,1336.7,-8.824628200000006,-1.4852678250398776,-25.899999999999864,-1.900777924555986
185,8/20/2016,581.8212221,1346.85,-3.4980509600000005,-0.5976312622772049,10.149999999999864,0.7593326849704394
186,8/27/2016,574.8664521000001,1324.9,-6.954770049999979,-1.1953448560673332,-21.949999999999818,-1.6297286260533703
187,9/3/2016,603.5027351,1311.5,28.636283059999982,4.981380102697513,-13.400000000000091,-1.0113970865725783
188,9/10/2016,626.2798138999999,1335.65,22.777078770000003,3.774146734475201,24.15000000000009,1.84140297369425
189,9/17/2016,610.0505721,1314.25,-16.229241839999986,-2.5913723355053713,-21.40000000000009,-1.6022161494403542
190,9/24/2016,603.7765389,1335.9,-6.2740331700000525,-1.0284447646556472,21.65000000000009,1.6473273730264477
191,10/1/2016,614.7129471,1327.9,10.936408180000058,1.8113337428259464,-8.0,-0.5988472191032262
192,10/8/2016,618.315389,1255.0,3.602441929999941,0.5860364495703909,-72.90000000000009,-5.489871225242871
193,10/15/2016,640.0888565,1256.15,21.773467480000022,3.5214176887245747,1.150000000000091,0.09163346613546541
194,10/22/2016,661.1154486,1263.95,21.02659208,3.284948935989715,7.7999999999999545,0.6209449508418544
195,10/29/2016,716.1637196,1265.9,55.04827104000003,8.32657460368463,1.9500000000000455,0.15427825467779938
196,11/5/2016,708.5706627000001,1301.7,-7.593056860000047,-1.0602403685496709,35.799999999999955,2.8280274903230866
197,11/12/2016,708.5868696,1255.65,0.016206890000034946,0.0022872651737502942,-46.049999999999955,-3.5376814934316623
198,11/19/2016,758.2681298,1206.1,49.68126022000001,7.0113153870100655,-49.55000000000018,-3.94616334169555
199,11/26/2016,741.0618194,1187.5,-17.20631048000007,-2.269159127607107,-18.59999999999991,-1.5421606831937575
200,12/3/2016,781.2363132,1171.65,40.17449379000004,5.4212068062952925,-15.849999999999909,-1.3347368421052557
201,12/10/2016,780.3402930999999,1168.9,-0.8960200699999632,-0.11469257827854251,-2.75,-0.2347117313190799
202,12/17/2016,792.6797948,1134.85,12.339501749999954,1.5812975261467008,-34.05000000000018,-2.9129951236205134
203,12/24/2016,904.0226772,1131.0,111.34288232000006,14.046388345735359,-3.849999999999909,-0.3392518835088258
204,12/31/2016,979.9119424,1159.1,75.88926523999999,8.394619643751264,28.09999999999991,2.48452696728558
205,1/7/2017,914.301515,1178.0,-65.61042744000008,-6.695543201563255,18.90000000000009,1.6305754464670947
206,1/14/2017,820.5955186000001,1196.35,-93.70599635999997,-10.248916230344914,18.34999999999991,1.5577249575551706
207,1/21/2017,921.733322,1199.1,101.13780342000007,12.324927583540982,2.75,0.22986584193588835
208,1/28/2017,920.7424071,1184.2,-0.9909149300000308,-0.10750559910746942,-14.899999999999864,-1.2425986156283768
209,2/4/2017,1034.474024,1213.05,113.73161738999988,12.352164570184518,28.84999999999991,2.4362438777233497
210,2/11/2017,1008.277427,1225.75,-26.19659709999985,-2.5323591004057695,12.700000000000045,1.0469477762664396
211,2/18/2017,1065.517067,1241.4,57.23963949000006,5.676973215527045,15.650000000000091,1.276769324903128
212,2/25/2017,1157.996741,1255.35,92.4796736799999,8.679323546879512,13.949999999999818,1.1237312711454661
213,3/4/2017,1270.9766,1228.75,112.97985908999999,9.756491977457117,-26.59999999999991,-2.118930975425173
214,3/11/2017,1178.30262,1196.55,-92.67397925,-7.2915566877453735,-32.200000000000045,-2.620549338758905
215,3/18/2017,967.790759,1228.75,-210.51186142999995,-17.865687285165365,32.200000000000045,2.691070160043462
216,3/25/2017,966.5075151000001,1244.0,-1.2832438600000842,-0.13259517598538897,15.25,1.2410986775178026
217,4/1/2017,1091.721451,1241.7,125.31459575999997,12.965713541123458,-2.2999999999999545,-0.1848874598070703
218,4/8/2017,1188.5293980000001,1264.3,96.70394185999999,8.857115174624418,22.59999999999991,1.8200853668357824
219,4/15/2017,1189.130333,1286.1,0.20327551000013955,0.017103159794995146,21.799999999999955,1.7242743019852846
220,4/22/2017,1291.498875,1281.5,98.35374439999987,8.273855289435357,-4.599999999999909,-0.3576704766347803
221,4/29/2017,1382.329694,1265.55,91.32551178000017,7.095541361918232,-15.950000000000045,-1.2446351931330506
222,5/6/2017,1577.9250539999998,1239.4,198.72843242999988,14.41723699918071,-26.149999999999864,-2.0662952866342588
223,5/13/2017,1801.367745,1227.9,222.88421386999994,14.132203574676778,-11.5,-0.9278683233822816
224,5/20/2017,2072.1799170000004,1251.85,271.21359039000004,15.067243972701885,23.949999999999818,1.950484567147147
225,5/27/2017,2036.7626239999997,1265.0,-41.52179750000005,-2.004688076755534,13.150000000000091,1.050445340895482
226,6/3/2017,2527.268161,1260.95,497.37818154000024,24.50485244757784,-4.0499999999999545,-0.32015810276679485
227,6/10/2017,2849.4289670000003,1274.25,321.1971037899998,12.710150830249777,13.299999999999955,1.0547602997739765
228,6/17/2017,2630.828779,1256.6,-216.32024956999976,-7.594745549196985,-17.65000000000009,-1.3851285069648884
229,6/24/2017,2544.781712,1256.3,-86.06916726000009,-3.2701448239176587,-0.2999999999999545,-0.02387394556740049
230,7/1/2017,2380.911297,1243.25,-165.57235571,-6.503492979411959,-13.049999999999955,-1.0387646262835275
231,7/8/2017,2550.825803,1220.4,171.7999698599997,7.217495886983348,-22.84999999999991,-1.8379247938869823
232,7/15/2017,1976.110911,1218.95,-576.0548001199998,-22.57156135134894,-1.4500000000000455,-0.1188135037692597
233,7/22/2017,2830.112936,1247.25,855.26182859,43.28091060365919,28.299999999999955,2.321670290003688
234,7/29/2017,2711.878709,1259.6,-118.61769472000015,-4.18946384330342,12.349999999999909,0.9901783924634122
235,8/5/2017,3258.831835,1269.3,546.1785762200002,20.134013602472038,9.700000000000045,0.7700857415052434
236,8/12/2017,3873.832301,1288.3,616.46349715,18.916338439308173,19.0,1.4968880485306864
237,8/19/2017,4149.717126,1295.25,275.7749758899995,7.116116293137373,6.9500000000000455,0.5394706201971626
238,8/26/2017,4337.869258,1287.05,190.6330592000004,4.592314057053538,-8.200000000000045,-0.6330824165219104
239,9/2/2017,4586.510608,1318.4,248.32770807999987,5.719509320133948,31.350000000000136,2.4358028048638465
240,9/9/2017,4327.606945,1350.9,-258.34612801000003,-5.628341104597492,32.5,2.4651092233009706
241,9/16/2017,3691.468039,1325.0,-637.42482844,-14.715188829524994,-25.90000000000009,-1.9172403582796722
242,9/23/2017,3784.394836,1297.0,89.88617626000041,2.4330894607028766,-28.0,-2.1132075471698113
243,9/30/2017,4347.928627,1286.95,565.1598865599994,14.934690579411386,-10.049999999999955,-0.7748650732459488
244,10/7/2017,4420.8314310000005,1268.2,70.73193445000015,1.6262574710459523,-18.75,-1.4569330587823925
245,10/14/2017,5756.932701,1293.9,1338.2123986400002,30.2756088666103,25.700000000000045,2.026494243810128
246,10/21/2017,6017.750168,1280.25,258.57201864000035,4.4904126317838795,-13.650000000000091,-1.0549501507071715
247,10/28/2017,5717.623662,1267.8,-296.9558781300002,-4.935375571788046,-12.450000000000045,-0.9724663151728213
248,11/4/2017,7387.200612000001,1275.3,1668.1487887499998,29.163801155182345,7.5,0.5915759583530525
249,11/11/2017,6329.134409,1284.45,-1064.07628707,-14.402613012928942,9.150000000000091,0.7174782404140273
250,11/18/2017,7774.68455,1283.85,1444.9120894100006,22.848065975165834,-0.6000000000001364,-0.04671260072405593
251,11/25/2017,8757.62818,1289.15,983.6923539899999,12.661903270140296,5.300000000000182,0.41282081240021673
252,12/2/2017,10912.9273,1277.25,2165.87421464,24.745477743510463,-11.900000000000091,-0.9230888569988046
253,12/9/2017,15005.31271,1245.85,4061.282716649999,37.19640984157488,-31.40000000000009,-2.4584067332159005
254,12/16/2017,19342.01408,1257.25,4346.961721410002,29.01889494951539,11.400000000000091,0.915037925914042
255,12/23/2017,14506.764169999999,1268.05,-4898.75937587,-25.347074674447807,10.799999999999955,0.8590176973553354
256,12/30/2017,12590.34092,1296.5,-1818.5771370000002,-12.604529323571114,28.450000000000045,2.243602381609562
257,1/6/2018,17186.94717,1317.9,4530.013897049999,35.92572281526378,21.40000000000009,1.6505977632086457
258,1/13/2018,14297.477469999998,1332.9,-2877.67534876,-16.789823309360223,15.0,1.1381743683132255
259,1/20/2018,12796.08553,1335.8,-1483.7687323999999,-10.4038504309907,2.8999999999998636,0.21757071048089605
260,1/27/2018,11415.35558,1354.35,-1349.2745795800001,-10.559391141228952,18.549999999999955,1.3886809402605147
261,2/3/2018,9214.46496,1345.0,-2268.7663621600004,-19.851510899761188,-9.349999999999909,-0.6903680732454617
262,2/10/2018,8567.516801,1316.05,-608.3768603499993,-6.641728820920916,-28.950000000000045,-2.152416356877327
263,2/17/2018,11098.938709999999,1358.6,2513.3737054699995,29.39088873990885,42.549999999999955,3.2331598343527945
264,2/24/2018,9690.351177,1328.9,-1373.2128164699989,-12.410514997417978,-29.699999999999818,-2.1860738996025186
265,3/3/2018,11445.70326,1316.75,1737.3796789199987,17.92646759043707,-12.150000000000091,-0.9142900142975461
266,3/10/2018,8783.266922,1319.35,-2576.7916423299994,-22.545921795201505,2.599999999999909,0.1974558572242194
267,3/17/2018,7869.481913,1320.05,-1018.0286398600001,-11.500173682394996,0.7000000000000455,0.05305642930231141
268,3/24/2018,8539.032653,1342.35,731.4858581600001,9.337012049418291,22.299999999999955,1.6893299496231169
269,3/31/2018,6929.850031999999,1323.9,-1665.1285783100002,-19.439386659094243,-18.449999999999818,-1.374455246396232
270,4/7/2018,6887.434259999999,1325.6,10.376721720000205,0.15037380520391155,1.699999999999818,0.12840849006721186
271,4/14/2018,7999.831564,1340.75,1111.6412056999998,16.08511171574698,15.150000000000091,1.1428786964393551
272,4/21/2018,8909.505544,1340.15,889.3834130799996,11.085925275987975,-0.599999999999909,-0.044751072161097076
273,4/28/2018,9321.054292,1317.7,419.3941379700009,4.705938425569358,-22.450000000000045,-1.6751856135507253
274,5/5/2018,9850.214124,1309.35,518.8007447599994,5.55972309525035,-8.350000000000136,-0.6336798967898715
275,5/12/2018,8470.653127,1324.8,-1383.2622155900008,-14.042965951540895,15.450000000000045,1.1799747966548324
276,5/19/2018,8275.971648,1287.2,-190.5808954899985,-2.2508796264715922,-37.59999999999991,-2.8381642512077225
277,5/26/2018,7363.7582569999995,1303.95,-906.0753438500005,-10.947737147517472,16.75,1.3012740832815413
278,6/2/2018,7708.665389,1299.15,315.4343234600001,4.279805554923502,-4.7999999999999545,-0.3681122742436408
279,6/9/2018,7501.766756,1299.2,-240.04242643999987,-3.123222214060082,0.049999999999954525,0.003848670284413233
280,6/16/2018,6487.16683,1300.1,-964.4940857000001,-12.953727605896578,0.8999999999998636,0.06927339901476783
281,6/23/2018,6168.506313,1269.7,-349.39021116000004,-5.390831367958137,-30.399999999999864,-2.3382816706407095
282,6/30/2018,6390.686078,1250.55,256.5235215900002,4.183492364740795,-19.15000000000009,-1.5082302906198386
283,7/7/2018,6763.238664,1254.2,364.72994023999945,5.709318765016421,3.650000000000091,0.2918715765063445
284,7/14/2018,6248.8273770000005,1240.5,-491.22348943,-7.274090963418277,-13.700000000000045,-1.0923297719661973
285,7/21/2018,7410.424287000001,1224.85,1151.47167679,18.388731100839504,-15.650000000000091,-1.2615880693268915
286,7/28/2018,8234.646413,1219.15,806.2373319000008,10.875545263146403,-5.699999999999818,-0.46536310568639583
287,8/4/2018,7028.133168,1207.7,-1208.572788210001,-14.703650780066353,-11.450000000000045,-0.9391789361440384
288,8/11/2018,6235.253048,1211.65,-778.5753537599994,-11.105102624758272,3.9500000000000455,0.3270679804587269
289,8/18/2018,6404.200388,1176.7,169.32683152000027,2.7168826068395964,-34.950000000000045,-2.884496347955271
290,8/25/2018,6733.742584999999,1189.95,325.69566316999953,5.0876266902005245,13.25,1.126030424067307
291,9/1/2018,7197.097256,1206.85,463.75231665000047,6.893468087572581,16.899999999999864,1.4202277406613608
292,9/8/2018,6167.879386,1200.75,-1003.1651386100002,-13.949959315521893,-6.099999999999909,-0.5054480672825876
293,9/15/2018,6528.014135,1206.2,322.57012094999936,5.212830055715613,5.4500000000000455,0.4538829897980467
294,9/22/2018,6720.840721,1207.6,197.33366812000077,3.030971940244252,1.3999999999998636,0.11606698723262009
295,9/29/2018,6614.831590999999,1183.5,-106.18898343000001,-1.5830418400846993,-24.09999999999991,-1.995693938390188
296,10/6/2018,6588.759658,1201.1,-39.60049036000055,-0.5998512332764504,17.59999999999991,1.4871144909167646
297,10/13/2018,6288.149144,1218.75,-335.0925049899997,-5.106468674723393,17.65000000000009,1.4694863042211384
298,10/20/2018,6529.318072,1228.25,209.80669900999965,3.3692923841536113,9.5,0.7794871794871795
299,10/27/2018,6471.792389,1236.05,12.366188030000558,0.19211605137582502,7.7999999999999545,0.6350498676979405
300,11/3/2018,6382.529546,1235.5,-93.1953851799999,-1.4450692670058356,-0.5499999999999545,-0.04449658185348122
301,11/10/2018,6388.369186999999,1219.05,15.797761869999704,0.24854868127387694,-16.450000000000045,-1.3314447592068024
302,11/17/2018,5587.454441,1215.8,-837.4542252399997,-13.143132440604626,-3.25,-0.26660104179484023
303,11/24/2018,3882.152425,1222.15,-1652.2328009500002,-29.854161863110935,6.350000000000136,0.5222898503043376
304,12/1/2018,4205.798471,1220.45,340.1807031200001,8.762769926655183,-1.7000000000000455,-0.13909912858487464
305,12/8/2018,3466.5155219999997,1241.2,-733.5096397000002,-17.372299211534823,20.75,1.7001925519275676
306,12/15/2018,3240.667556,1239.15,-228.26844212000015,-6.542921078927325,-2.0499999999999545,-0.1651627457299351
307,12/22/2018,4061.772567,1257.6,821.8591403999999,25.206409872338636,18.449999999999818,1.488923859096947
308,12/29/2018,3830.471612,1277.25,-205.8210534499999,-5.041698121123569,19.65000000000009,1.5625000000000073
309,1/5/2019,3863.7141030000003,1290.35,9.446726189999936,0.24368872150247003,13.099999999999909,1.0256410256410184
310,1/12/2019,3663.8872380000003,1292.8,-208.57075871999996,-5.367233425424164,2.4500000000000455,0.18987096524199215
311,1/19/2019,3732.786518,1285.05,63.53618867000023,1.7277332254045492,-7.75,-0.5994740099009901
312,1/26/2019,3598.2881490000004,1282.95,-121.98746303000007,-3.2608540259881256,-2.099999999999909,-0.16341776584567988
313,2/2/2019,3536.8007820000003,1320.75,-74.68627680000009,-2.0637387519357286,37.799999999999955,2.9463346194317745
314,2/9/2019,3662.0426909999996,1311.1,145.07134597999993,4.093096927474656,-9.650000000000091,-0.730645466590959
315,2/16/2019,3632.654904,1318.0,-31.29235536999977,-0.8481774319357702,6.900000000000091,0.5262756464037901
316,2/23/2019,4170.197956,1322.25,501.15135550000014,13.69987696136739,4.25,0.3224582701062215
317,3/2/2019,3864.8454890000003,1309.95,-272.4940245400003,-6.551560349409624,-12.299999999999955,-0.9302325581395314
318,3/9/2019,3960.458208,1294.1,94.26877284000011,2.4254010549408505,-15.850000000000136,-1.2099698461773454
319,3/16/2019,4030.121414,1302.65,70.29984116000014,1.7658848438040233,8.550000000000182,0.6606908276022087
320,3/23/2019,4022.7313520000002,1311.1,-17.038540510000075,-0.42056992540613775,8.449999999999818,0.6486776954669188
321,3/30/2019,4131.7745429999995,1291.15,100.86273931999949,2.50015506207482,-19.949999999999818,-1.5216230646022286
322,4/6/2019,5073.999769,1288.9,948.85464005,22.946230362420923,-2.25,-0.17426325368857218
323,4/13/2019,5107.93654,1296.15,5.003737170000022,0.09842171665579583,7.25,0.5624951509038715
324,4/20/2019,5346.089312,1276.5,240.2644970400006,4.721269784551069,-19.65000000000009,-1.5160282374725216
325,4/27/2019,5319.845444,1281.5,28.844743069999822,0.5412538413034614,5.0,0.39169604386995693
326,5/4/2019,5851.014085,1270.05,559.56346656,10.443338901492194,-11.450000000000045,-0.8934841982052318
327,5/11/2019,7109.991495,1285.4,1192.0251109600003,20.14354468505416,15.350000000000136,1.2086138341010304
328,5/18/2019,7279.233146,1285.8,180.43381990999933,2.5378619500764454,0.3999999999998636,0.03111871790881154
329,5/25/2019,8061.633998,1281.5,759.8592346400001,10.423148834239068,-4.2999999999999545,-0.3344221496344653
330,6/1/2019,8567.655207,1296.0,508.27154079999946,6.313954665239471,14.5,1.1314865392118612
331,6/8/2019,7964.779314,1334.3,-610.6604115299997,-7.135347994093292,38.299999999999955,2.9552469135802433
332,6/15/2019,8865.190429,1352.45,887.8985346299996,11.171932324931868,18.15000000000009,1.3602638087386714
333,6/22/2019,10732.4488,1388.35,1915.9354149500014,21.684562670626445,35.899999999999864,2.6544419387038234
334,6/29/2019,12046.53645,1413.2,1203.8948487399994,11.197546464063606,24.850000000000136,1.7898944790578846
335,7/6/2019,11313.840540000001,1414.4,-589.9397731099998,-4.934541310053529,1.2000000000000455,0.08491367110105048
336,7/13/2019,11393.35293,1405.6,-4.439909919999991,-0.03906524237437266,-8.800000000000182,-0.6221719457013702
337,7/20/2019,10763.674809999999,1437.05,-629.0440639200006,-5.536905661205251,31.450000000000045,2.237478656801369
338,7/27/2019,9480.859949,1418.25,-1265.2534684099992,-11.78966389927653,-18.799999999999955,-1.3082356215858846
339,8/3/2019,10789.64187,1436.05,1330.1376700799992,14.05079844773606,17.799999999999955,1.2550678653269844
340,8/10/2019,11332.139229999999,1503.5,534.976903910001,4.954970965439769,67.45000000000005,4.696911667421054
341,8/17/2019,10255.498759999999,1509.05,-1077.4372732400006,-9.508128966138035,5.5499999999999545,0.3691386764216797
342,8/24/2019,10148.43049,1495.5,-144.52570249999917,-1.40941402658381,-13.549999999999955,-0.8979159073589313
343,8/31/2019,9637.957925,1526.55,-500.23433237000063,-4.9480211529641185,31.049999999999955,2.0762286860581716
344,9/7/2019,10540.36154,1504.95,879.0823609500003,9.148006312667658,-21.59999999999991,-1.414955291343219
345,9/14/2019,10390.28507,1506.3,-123.20828253000036,-1.1746838180462726,1.349999999999909,0.08970397687630215
346,9/21/2019,9973.015289,1504.1,-359.3140877400001,-3.4664673574798104,-2.2000000000000455,-0.14605324304587702
347,9/28/2019,8232.633727,1496.15,-1811.8017554800008,-18.106951842347783,-7.949999999999818,-0.5285552822285632
348,10/5/2019,8095.769728,1509.5,-62.33107672999904,-0.7606629496390847,13.349999999999909,0.8922902115429541
349,10/12/2019,8299.542097,1498.35,192.04249288999927,2.3615715844249987,-11.150000000000091,-0.7386551838357132
350,10/19/2019,7970.178064,1487.5,-335.17944741999963,-4.026653089405523,-10.849999999999909,-0.7241298761971442
351,10/26/2019,9230.933561,1504.65,1259.572117060001,15.76664293582349,17.15000000000009,1.1529411764705944
352,11/2/2019,9316.008431,1509.85,82.62299947999963,0.8933748286840228,5.199999999999818,0.3455953211710243
353,11/9/2019,8829.251851,1466.85,-610.3228056099997,-6.540782438517871,-43.0,-2.847965029638706
354,11/16/2019,8532.20923,1465.6,-212.00534152,-2.4310549072784142,-1.25,-0.08521662064969152
355,11/23/2019,7342.0719420000005,1471.3,-982.1261096200005,-11.542599102094652,5.7000000000000455,0.38891921397380225
356,11/30/2019,7590.173695999999,1456.35,251.40002277999974,3.340161711080975,-14.950000000000045,-1.0161082036294464
357,12/7/2019,7529.108631,1474.85,-251.0687856200002,-3.227942320350224,18.5,1.2702990352593815
358,12/14/2019,7101.338418,1470.6,-442.6649233399994,-5.881094774133521,-4.25,-0.2881648981252331
359,12/21/2019,7175.983611,1476.9,276.1007342699995,3.8973890702841207,6.300000000000182,0.42839657282742977
360,12/28/2019,7347.10075,1510.6,-41.5268181499996,-0.5641962866129454,33.69999999999982,2.281806486559673
361,1/4/2020,7388.564009999999,1547.4,31.340896239999893,0.4282231981035541,36.80000000000018,2.436118098768713
362,1/11/2020,8053.5334299999995,1548.8,997.5785252400001,13.572195020179223,1.3999999999998636,0.09047434406099675
363,1/18/2020,8876.597227,1556.5,833.3661669199992,9.983132730649183,7.7000000000000455,0.4971590909090938
364,1/25/2020,8367.115302,1561.85,-278.25947533999897,-3.030783096721199,5.349999999999909,0.34371988435592093
365,2/1/2020,9414.166446,1580.85,659.8820532099999,7.412032640419907,19.0,1.216506066523674
366,2/8/2020,9842.301362,1568.3,280.63353626999924,2.934658967857519,-12.549999999999955,-0.7938767118954965
367,2/15/2020,9865.595118000001,1576.35,218.61080347999996,2.2208951793300815,8.049999999999955,0.5132946502582386
368,2/22/2020,9696.044274,1633.7,-255.3814505399987,-2.5380846962889954,57.350000000000136,3.6381514257620537
369,3/1/2020,8504.650270999999,1626.35,-1025.0364395900015,-10.4525228091943,-7.350000000000136,-0.449899002264806
370,3/8/2020,8000.535271,1687.0,-668.4790700799995,-7.612306712316242,60.65000000000009,3.729209579733765
371,3/15/2020,5382.4684560000005,1588.15,-2701.83645988,-33.30223631904139,-98.84999999999991,-5.859513930053343
372,3/22/2020,5840.923332,1504.45,584.0465263699998,10.793207165590456,-83.70000000000005,-5.27028303371848
373,3/29/2020,5908.162174,1621.2,-6.3474108099999285,-0.10587332210978573,116.75,7.760311077137824
374,4/5/2020,6795.860065999999,1609.75,968.0492672700002,16.16394781471742,-11.450000000000045,-0.7062669627436495
375,4/12/2020,6930.85277,1662.5,155.18789285000003,2.2306757824046204,52.75,3.276906351918
376,4/19/2020,7157.498006999999,1693.15,1.232130540000071,0.017324236613355318,30.65000000000009,1.8436090225563966
377,4/26/2020,7717.565261,1727.25,567.4167393400003,7.976719059741538,34.09999999999991,2.0139975784779796
378,5/3/2020,8935.467007,1673.05,1044.4298460799992,13.59788298529811,-54.200000000000045,-3.137936025474022
379,5/10/2020,8745.875141,1688.65,-37.394434799998635,-0.42857690201071363,15.600000000000136,0.9324287977047988
380,5/17/2020,9693.603807,1734.85,1004.7551727499995,11.56504492850949,46.19999999999982,2.7359133035264747
381,5/24/2020,8754.44107,1732.45,-849.7914763000008,-8.767409659085978,-2.3999999999998636,-0.1383404905323148
382,5/31/2020,9449.572629,1725.65,327.93095123999956,3.7084406405641803,-6.7999999999999545,-0.3925077202805249
383,6/7/2020,9782.009289,1709.55,306.0458171200007,3.3371925618958778,-16.100000000000136,-0.9329817749833476
384,6/14/2020,9360.796352,1735.85,-75.30112258000008,-0.794583625212128,26.299999999999955,1.5384165423649472
385,6/21/2020,9318.455372,1728.55,8.939896980000412,0.09509009694428254,-7.2999999999999545,-0.420543249704753
386,6/28/2020,9163.359026,1762.1,-193.95582549000028,-2.061070414973392,33.549999999999955,1.940933152063866
387,7/5/2020,9155.387742,1774.65,-81.02780530000018,-0.8791616266811902,12.550000000000182,0.7122183758016107
388,7/12/2020,9355.672237,1805.75,149.7129293399994,1.6388114490855552,31.09999999999991,1.752458231200513
389,7/19/2020,9277.740620999999,1802.9,-84.77950693999992,-0.9130635166683325,-2.849999999999909,-0.1578291568600254
390,7/26/2020,9946.878302,1893.85,722.720843680001,7.855327251610331,90.94999999999982,5.044650285650885
391,8/2/2020,11075.83037,1952.2,1218.890389529999,12.28334794582258,58.350000000000136,3.081025424400039
392,8/9/2020,11681.89616,2061.5,651.6781986700007,5.8488426810437275,109.29999999999995,5.598811597172419
393,8/16/2020,11922.513579999999,1948.3,245.28845272999934,2.079829517751893,-113.20000000000005,-5.491147222895952
394,8/23/2020,11646.01482,1932.85,-325.5255140699992,-2.7039317864152097,-15.450000000000045,-0.7929990247908457
395,8/30/2020,11759.08674,1955.85,-27.923362490000727,-0.23838730365531752,23.0,1.189952660578938
396,9/6/2020,10289.88438,1937.6,-1422.5181615799993,-12.173340392154703,-18.25,-0.9330981414730168
397,9/13/2020,10343.93728,1944.5,104.46325943999909,1.0178625915286452,6.900000000000091,0.35611065235343164
398,9/20/2020,10932.760240000001,1954.75,526.8443208600002,5.081708027131258,10.25,0.5271277963486758
399,9/27/2020,10779.13891,1870.05,-93.22797342999911,-0.8557492481554211,-84.70000000000005,-4.333034914950764
400,10/4/2020,10689.7791,1906.4,129.56649212000048,1.1995695920751652,36.350000000000136,1.943798294163265
401,10/11/2020,11384.68633,1912.4,422.68779405999885,3.8669965883027206,6.0,0.3147293327738145
402,10/18/2020,11525.57042,1908.2,259.4445125000002,2.2851830686029517,-4.2000000000000455,-0.2196193265007344
403,10/25/2020,13027.98285,1910.6,1602.51573232,13.799586821924889,2.3999999999998636,0.12577297977150526
404,11/1/2020,13823.65362,1875.8,457.1754051000007,3.459441210124878,-34.799999999999955,-1.8214173558044569
405,11/8/2020,15463.61975,1947.95,1968.4647787599988,14.397285479696556,72.15000000000009,3.8463588868749383
406,11/15/2020,15947.285069999998,1878.2,371.8233492899999,2.3772448053775643,-69.75,-3.5806873893067066
407,11/22/2020,18491.95721,1867.0,2425.334329450001,15.146260605434867,-11.200000000000045,-0.5963156213395828
408,11/29/2020,18236.899390000002,1808.05,-200.87215359000038,-1.0894409811464394,-58.950000000000045,-3.157471880021427
409,12/6/2020,19389.851609999998,1839.3,1119.5625821100002,6.138887729633094,31.25,1.7283814053814885
410,12/13/2020,19195.840780000002,1833.65,-206.282361829999,-1.0656850636056623,-5.649999999999864,-0.307182080139176
411,12/20/2020,23494.71721,1878.95,4430.55429883,23.135447067769075,45.299999999999955,2.470482371226786
412,12/27/2020,26310.70772,1872.55,3220.537366299999,13.657307368604146,-6.400000000000091,-0.34061576944570593
413,1/3/2021,33117.84962,1891.1,5235.2707739299985,19.533430739243844,18.549999999999955,0.9906277535980325
414,1/10/2021,38363.10845,1891.3,5559.165850949998,17.352402971479904,0.20000000000004547,0.010575855322301597
415,1/17/2021,35829.89702,1853.85,-1774.059250719998,-4.718740855812982,-37.450000000000045,-1.9801194945275762
416,1/24/2021,32316.99388,1853.6,-3456.2270208299997,-9.64834402356688,-0.25,-0.013485449200312862
