Date,BTC Price
2/1/2013,20.56073352
2/2/2013,19.98875651
2/3/2013,20.74686364
2/4/2013,20.52266187
2/5/2013,20.76371547
2/6/2013,21.27228065
2/7/2013,22.14472461
2/8/2013,22.88873466
2/9/2013,23.86328297
2/10/2013,24.28598415
2/11/2013,24.53006161
2/12/2013,25.57400168
2/13/2013,24.73900093
2/14/2013,27.56173964
2/15/2013,27.50265686
2/16/2013,27.6223257
2/17/2013,27.16011001
2/18/2013,26.97841857
2/19/2013,29.62444756
2/20/2013,30.09512577
2/21/2013,30.0638832
2/22/2013,30.7060545
2/23/2013,30.02583211
2/24/2013,29.98501391
2/25/2013,30.63245687
2/26/2013,31.28277008
2/27/2013,31.45770792
2/28/2013,33.85347654
3/1/2013,34.94444927
3/2/2013,34.76213987
3/3/2013,35.09427953
3/4/2013,36.95179381
3/5/2013,41.51808646
3/6/2013,43.48059461
3/7/2013,44.05149567
3/8/2013,44.24245289
3/9/2013,48.12380649
3/10/2013,47.58453611
3/11/2013,49.28622477
3/12/2013,46.17877266
3/13/2013,48.97626457
3/14/2013,46.981351
3/15/2013,46.87486661
3/16/2013,47.23169829
3/17/2013,47.28268248
3/18/2013,51.38850711
3/19/2013,59.40500976
3/20/2013,64.33002158
3/21/2013,70.81439941
3/22/2013,70.1402048
3/23/2013,64.508572
3/24/2013,71.21689139
3/25/2013,74.39963638
3/26/2013,78.94753324
3/27/2013,88.58172584
3/28/2013,88.02249062
3/29/2013,89.93351392
3/30/2013,91.77762981
3/31/2013,93.79780464
4/1/2013,104.2643875
4/2/2013,117.6211835
4/3/2013,134.3529484
4/4/2013,133.6135612
4/5/2013,142.0566776
4/6/2013,142.077769
4/7/2013,163.5532667
4/8/2013,186.4444209
4/9/2013,229
4/10/2013,162
4/11/2013,91.30257104
4/12/2013,111.4182494
4/13/2013,91.28414161
4/14/2013,90.31807689
4/15/2013,79.86984938
4/16/2013,67.81733995
4/17/2013,91.72000355
4/18/2013,110.3513698
4/19/2013,118.5232337
4/20/2013,126.8564467
4/21/2013,118.1588438
4/22/2013,125.6141709
4/23/2013,141.2021809
4/24/2013,152.9613535
4/25/2013,141.9070986
4/26/2013,137.2631168
4/27/2013,128.6802001
4/28/2013,135.2841199
4/29/2013,143.7522931
4/30/2013,139.883753
5/1/2013,116.2394264
5/2/2013,106.6480397
5/3/2013,98.04223123
5/4/2013,112.5479416
5/5/2013,116.5424383
5/6/2013,112.299016
5/7/2013,109.9901688
5/8/2013,113.3932413
5/9/2013,112.3572053
5/10/2013,117.8848137
5/11/2013,115.3900638
5/12/2013,114.403908
5/13/2013,117.1768483
5/14/2013,109.832211
5/15/2013,108.9331724
5/16/2013,114.2862613
5/17/2013,117.1721265
5/18/2013,118.486927
5/19/2013,117.0666857
5/20/2013,117.1167779
5/21/2013,117.2247188
5/22/2013,119.120915
5/23/2013,123.8253721
5/24/2013,128.7204188
5/25/2013,128.9734267
5/26/2013,129.9825803
5/27/2013,126.2757684
5/28/2013,125.7579636
5/29/2013,130.3465711
5/30/2013,126.7650423
5/31/2013,127.9465136
6/1/2013,128.7698887
6/2/2013,123.4858153
6/3/2013,123.1521829
6/4/2013,120.5090549
6/5/2013,121.2081678
6/6/2013,118.9399228
6/7/2013,110.6462597
6/8/2013,109.1334249
6/9/2013,100.0832998
6/10/2013,104.226539
6/11/2013,107.3781063
6/12/2013,106.6459892
6/13/2013,102.0486043
6/14/2013,99.04478256
6/15/2013,99.51820027
6/16/2013,99.25415772
6/17/2013,100.2683241
6/18/2013,104.1589831
6/19/2013,105.1592309
6/20/2013,103.7411455
6/21/2013,101.5723292
6/22/2013,100.1691432
6/23/2013,100.4803918
6/24/2013,99.19103782
6/25/2013,97.67352351
6/26/2013,98.82630269
6/27/2013,96.44806305
6/28/2013,89.9216515
6/29/2013,89.00993614
6/30/2013,89.73516147
7/1/2013,84.53958637
7/2/2013,87.91661442
7/3/2013,77.2391501
7/4/2013,79.41160757
7/5/2013,67.07208381
7/6/2013,66.26475689
7/7/2013,74.05392881
7/8/2013,74.43965657
7/9/2013,75.02722134
7/10/2013,86.18128156
7/11/2013,87.54708132
7/12/2013,90.21308144
7/13/2013,91.63571534
7/14/2013,90.07641084
7/15/2013,93.86540216
7/16/2013,91.62251113
7/17/2013,91.28209181
7/18/2013,85.34146326
7/19/2013,86.59658658
7/20/2013,85.12328505
7/21/2013,85.80773649
7/22/2013,85.77060855
7/23/2013,86.9983256
7/24/2013,88.4907184
7/25/2013,90.19054347
7/26/2013,90.02852805
7/27/2013,88.14035885
7/28/2013,92.60468651
7/29/2013,93.4152822
7/30/2013,96.60437444
7/31/2013,98.25254218
8/1/2013,96.65473845
8/2/2013,95.88938126
8/3/2013,95.57256831
8/4/2013,96.42903803
8/5/2013,97.69998045
8/6/2013,97.78012783
8/7/2013,97.09662936
8/8/2013,94.29393856
8/9/2013,92.5332735
8/10/2013,93.57618351
8/11/2013,94.08185129
8/12/2013,95.38766057
8/13/2013,98.16467911
8/14/2013,99.18547726
8/15/2013,98.19067465
8/16/2013,98.30276535
8/17/2013,99.63355302
8/18/2013,99.33368998
8/19/2013,102.7798111
8/20/2013,104.9350576
8/21/2013,110.4495962
8/22/2013,109.1666904
8/23/2013,107.8520878
8/24/2013,108.7578218
8/25/2013,113.1058537
8/26/2013,112.1673651
8/27/2013,117.7395898
8/28/2013,117.9763931
8/29/2013,118.5575277
8/30/2013,124.9585209
8/31/2013,127.8974808
9/1/2013,130.622379
9/2/2013,129.8354995
9/3/2013,129.2267464
9/4/2013,122.2535884
9/5/2013,122.5704257
9/6/2013,116.9021332
9/7/2013,119.8725423
9/8/2013,118.1496085
9/9/2013,121.6111589
9/10/2013,122.0960993
9/11/2013,126.9586489
9/12/2013,126.5030061
9/13/2013,127.5439415
9/14/2013,124.4987921
9/15/2013,125.2504673
9/16/2013,126.1270713
9/17/2013,126.9960082
9/18/2013,127.0025277
9/19/2013,124.3384861
9/20/2013,122.9406284
9/21/2013,123.4925625
9/22/2013,123.1286531
9/23/2013,122.661842
9/24/2013,123.9698117
9/25/2013,123.4933946
9/26/2013,124.9281597
9/27/2013,126.9030365
9/28/2013,126.7196134
9/29/2013,126.9435641
9/30/2013,126.2021752
10/1/2013,127.5100471
10/2/2013,103.8842395
10/3/2013,117.7708817
10/4/2013,122.0062634
10/5/2013,121.4628134
10/6/2013,122.5380613
10/7/2013,123.5539993
10/8/2013,124.2122687
10/9/2013,125.9595538
10/10/2013,126.6568122
10/11/2013,127.2251253
10/12/2013,127.9432594
10/13/2013,132.7976162
10/14/2013,135.4356625
10/15/2013,143.563539
10/16/2013,137.5894354
10/17/2013,143.9512274
10/18/2013,152.9649801
10/19/2013,166.3036967
10/20/2013,166.7876226
10/21/2013,180.2428703
10/22/2013,190.9189434
10/23/2013,204.0111407
10/24/2013,193.8172706
10/25/2013,187.1162713
10/26/2013,179.5233126
10/27/2013,195.811818
10/28/2013,196.3811418
10/29/2013,204.7015159
10/30/2013,198.1945304
10/31/2013,203.1348501
11/1/2013,202.0365521
11/2/2013,204.9175769
11/3/2013,211.8228431
11/4/2013,226.784593
11/5/2013,242.932833
11/6/2013,263.2888024
11/7/2013,291.0768135
11/8/2013,334.0975163
11/9/2013,339.5147223
11/10/2013,324.0137987
11/11/2013,344.6266784
11/12/2013,355.0251099
11/13/2013,396.3146176
11/14/2013,415.4557972
11/15/2013,412.0282403
11/16/2013,435.187526
11/17/2013,483.7938022
11/18/2013,678.2609193
11/19/2013,536.8772788
11/20/2013,599.8304806
11/21/2013,725.2490684
11/22/2013,800.7826778
11/23/2013,838.2593848
11/24/2013,808.2291434
11/25/2013,818.4843675
11/26/2013,930.693572
11/27/2013,964.8397988
11/28/2013,1016.887912
11/29/2013,1133.55742
11/30/2013,1120.352611
12/1/2013,955.5022878
12/2/2013,1042.471949
12/3/2013,1055.920473
12/4/2013,1135.410915
12/5/2013,1024.445047
12/6/2013,818.3291442
12/7/2013,693.443466
12/8/2013,786.3759429
12/9/2013,899.6971688
12/10/2013,981.2190993
12/11/2013,879.512993
12/12/2013,872.4370998
12/13/2013,885.4320716
12/14/2013,851.0680263
12/15/2013,860.5510094
12/16/2013,690.8216634
12/17/2013,674.642755
12/18/2013,520.2423164
12/19/2013,685.104963
12/20/2013,609.9186307
12/21/2013,595.3172041
12/22/2013,613.913707
12/23/2013,654.9089878
12/24/2013,652.6634945
12/25/2013,679.3976774
12/26/2013,752.8883357
12/27/2013,721.1723081
12/28/2013,713.5378756
12/29/2013,728.3495992
12/30/2013,736.7228313
12/31/2013,730.7582479
1/1/2014,754.5138384
1/2/2014,784.1290351
1/3/2014,808.1743775
1/4/2014,829.0718094
1/5/2014,905.2657903
1/6/2014,919.1554033
1/7/2014,783.0927575
1/8/2014,824.5149613
1/9/2014,825.9612489
1/10/2014,853.0337151
1/11/2014,896.3323615
1/12/2014,843.081985
1/13/2014,824.2439813
1/14/2014,816.4660843
1/15/2014,841.7510641
1/16/2014,813.9800748
1/17/2014,798.1451787
1/18/2014,810.7835064
1/19/2014,841.3022577
1/20/2014,826.6788619
1/21/2014,824.6547561
1/22/2014,818.8438967
1/23/2014,811.5049042
1/24/2014,779.1151439
1/25/2014,806.1213092
1/26/2014,814.8928894
1/27/2014,750.9463413
1/28/2014,785.9789259
1/29/2014,793.1107302
1/30/2014,800.9016243
1/31/2014,803.2089388
2/1/2014,812.7940057
2/2/2014,814.4790259
2/3/2014,807.0037999
2/4/2014,802.7826452
2/5/2014,780.2680179
2/6/2014,763.4019374
2/7/2014,703.4621199
2/8/2014,680.6491942
2/9/2014,688.3890016
2/10/2014,687.7943024
2/11/2014,674.76683
2/12/2014,652.3102339
2/13/2014,605.245001
2/14/2014,668.5433576
2/15/2014,653.9458195
2/16/2014,621.0338749
2/17/2014,631.3780637
2/18/2014,628.1140305
2/19/2014,622.7092581
2/20/2014,561.4048613
2/21/2014,580.4265257
2/22/2014,609.5000922
2/23/2014,608.3308418
2/24/2014,536.0061826
2/25/2014,534.7685349
2/26/2014,584.6375265
2/27/2014,583.5787854
2/28/2014,553.4618596
3/1/2014,568.292731
3/2/2014,566.0796893
3/3/2014,679.4333519
3/4/2014,672.3887489
3/5/2014,669.7731763
3/6/2014,668.3741601
3/7/2014,631.9173464
3/8/2014,618.0092078
3/9/2014,638.8726884
3/10/2014,627.9396448
3/11/2014,632.972702
3/12/2014,635.7250054
3/13/2014,642.6937813
3/14/2014,629.2893456
3/15/2014,636.3017293
3/16/2014,633.8389105
3/17/2014,623.1033688
3/18/2014,614.1818444
3/19/2014,610.5266554
3/20/2014,587.2014742
3/21/2014,570.7579578
3/22/2014,564.308614
3/23/2014,559.3927599
3/24/2014,585.7522045
3/25/2014,584.0205868
3/26/2014,578.9568513
3/27/2014,475.1118094
3/28/2014,502.5032337
3/29/2014,492.6177239
3/30/2014,460.7846132
3/31/2014,456.4149276
4/1/2014,479.9518965
4/2/2014,438.2307794
4/3/2014,448.7715295
4/4/2014,449.2854323
4/5/2014,463.9908985
4/6/2014,457.7067153
4/7/2014,447.0630187
4/8/2014,452.9975515
4/9/2014,441.9998042
4/10/2014,363.8859611
4/11/2014,421.8815969
4/12/2014,423.3573787
4/13/2014,417.3702955
4/14/2014,459.5578679
4/15/2014,519.8398542
4/16/2014,530.4424478
4/17/2014,498.7076725
4/18/2014,481.1044109
4/19/2014,504.1047755
4/20/2014,500.0648061
4/21/2014,495.5612613
4/22/2014,489.1839823
4/23/2014,491.5716403
4/24/2014,502.3214158
4/25/2014,465.1373413
4/26/2014,459.8611966
4/27/2014,430.0303161
4/28/2014,441.8369699
4/29/2014,447.1055355
4/30/2014,449.0348079
5/1/2014,459.9935099
5/2/2014,452.8604922
5/3/2014,439.247984
5/4/2014,435.88796
5/5/2014,432.5202
5/6/2014,429.3070811
5/7/2014,440.3063316
5/8/2014,439.2059748
5/9/2014,453.354869
5/10/2014,456.46588
5/11/2014,438.8477589
5/12/2014,441.6013176
5/13/2014,439.6084955
5/14/2014,446.3080403
5/15/2014,447.0444938
5/16/2014,448.5614806
5/17/2014,449.7361238
5/18/2014,447.6216579
5/19/2014,448.2733288
5/20/2014,490.4017137
5/21/2014,494.771791
5/22/2014,529.2507048
5/23/2014,523.6907088
5/24/2014,528.3314649
5/25/2014,573.9695283
5/26/2014,584.961755
5/27/2014,575.0347331
5/28/2014,579.397132
5/29/2014,570.7192449
5/30/2014,620.8884461
5/31/2014,626.3698084
6/1/2014,627.6464704
6/2/2014,665.0160153
6/3/2014,672.8058082
6/4/2014,641.7670055
6/5/2014,661.0711471
6/6/2014,649.0739931
6/7/2014,657.253674
6/8/2014,658.5956096
6/9/2014,649.9137566
6/10/2014,654.196617
6/11/2014,631.9993177
6/12/2014,588.7555604
6/13/2014,599.619914
6/14/2014,569.346888
6/15/2014,592.6269062
6/16/2014,589.7897586
6/17/2014,611.3298629
6/18/2014,607.7115565
6/19/2014,596.1796582
6/20/2014,590.9810561
6/21/2014,594.2995463
6/22/2014,602.334144
6/23/2014,590.3282495
6/24/2014,577.5813467
6/25/2014,564.5086645
6/26/2014,581.5138578
6/27/2014,602.0678607
6/28/2014,594.5391328
6/29/2014,601.1227501
6/30/2014,640.6635391
7/1/2014,640.6619539
7/2/2014,653.3569383
7/3/2014,644.6676758
7/4/2014,630.8686659
7/5/2014,631.6766999
7/6/2014,635.0788032
7/7/2014,621.9178602
7/8/2014,624.8488204
7/9/2014,623.8488422
7/10/2014,616.3704708
7/11/2014,635.6484709
7/12/2014,636.9021038
7/13/2014,630.0701721
7/14/2014,619.97171
7/15/2014,621.8008621
7/16/2014,616.9473378
7/17/2014,623.0160271
7/18/2014,631.4140496
7/19/2014,629.030909
7/20/2014,625.1216365
7/21/2014,621.4618834
7/22/2014,619.1702456
7/23/2014,620.7590554
7/24/2014,603.4349716
7/25/2014,601.8771767
7/26/2014,594.6678331
7/27/2014,591.3629838
7/28/2014,585.0116171
7/29/2014,584.666745
7/30/2014,565.246678
7/31/2014,580.8213119
8/1/2014,596.1039271
8/2/2014,588.8076281
8/3/2014,586.774044
8/4/2014,587.8741748
8/5/2014,582.6362202
8/6/2014,581.6666962
8/7/2014,586.6922043
8/8/2014,590.1352858
8/9/2014,589.362967
8/10/2014,589.8554751
8/11/2014,573.1693746
8/12/2014,569.0667196
8/13/2014,547.8964792
8/14/2014,509.6700893
8/15/2014,497.7956817
8/16/2014,520.5179774
8/17/2014,497.4577716
8/18/2014,469.3022513
8/19/2014,488.7001276
8/20/2014,512.8781002
8/21/2014,518.2879657
8/22/2014,514.6197374
8/23/2014,499.0243788
8/24/2014,510.134054
8/25/2014,502.4603562
8/26/2014,513.3444388
8/27/2014,509.9315866
8/28/2014,505.9745767
8/29/2014,508.4683087
8/30/2014,500.0227832
8/31/2014,478.3638454
9/1/2014,473.5472647
9/2/2014,475.2203322
9/3/2014,474.6862847
9/4/2014,489.2084044
9/5/2014,480.5832247
9/6/2014,481.4187019
9/7/2014,478.1394003
9/8/2014,470.4733095
9/9/2014,473.3723556
9/10/2014,477.6585725
9/11/2014,476.9662833
9/12/2014,475.1242599
9/13/2014,478.5059265
9/14/2014,475.9286603
9/15/2014,472.6008773
9/16/2014,465.0917404
9/17/2014,456.2107246
9/18/2014,425.0668149
9/19/2014,394.2336258
9/20/2014,408.626525
9/21/2014,399.4525857
9/22/2014,403.1205756
9/23/2014,438.7969973
9/24/2014,424.322373
9/25/2014,409.4032482
9/26/2014,403.9367644
9/27/2014,400.3905879
9/28/2014,376.2936183
9/29/2014,373.7620966
9/30/2014,388.1904375
10/1/2014,383.9445942
10/2/2014,372.5368996
10/3/2014,359.4502698
10/4/2014,327.6065341
10/5/2014,321.0393287
10/6/2014,328.0867705
10/7/2014,335.6515472
10/8/2014,353.8086495
10/9/2014,364.1731677
10/10/2014,359.658648
10/11/2014,361.1429124
10/12/2014,378.1400302
10/13/2014,391.4831259
10/14/2014,399.9019931
10/15/2014,394.2597824
10/16/2014,382.0965141
10/17/2014,382.9023961
10/18/2014,391.0158815
10/19/2014,388.2040861
10/20/2014,380.8002791
10/21/2014,384.5557768
10/22/2014,380.0236752
10/23/2014,357.8722407
10/24/2014,357.4566995
10/25/2014,345.3654738
10/26/2014,353.5013865
10/27/2014,349.4979736
10/28/2014,354.8171683
10/29/2014,334.2969693
10/30/2014,345.2008237
10/31/2014,337.058227
11/1/2014,325.6476245
11/2/2014,324.0025146
11/3/2014,325.2068183
11/4/2014,329.7518951
11/5/2014,338.7441184
11/6/2014,350.3734543
11/7/2014,341.9099361
11/8/2014,344.858253
11/9/2014,362.8051793
11/10/2014,366.0678905
11/11/2014,368.4865639
11/12/2014,431.9923879
11/13/2014,420.1274223
11/14/2014,399.9290868
11/15/2014,375.706922
11/16/2014,391.2688339
11/17/2014,387.6912487
11/18/2014,373.3482793
11/19/2014,376.4261759
11/20/2014,356.8141191
11/21/2014,350.6684624
11/22/2014,352.947484
11/23/2014,367.9883544
11/24/2014,376.0416096
11/25/2014,377.0380516
11/26/2014,369.6777291
11/27/2014,370.1743142
11/28/2014,377.2983895
11/29/2014,376.1787316
11/30/2014,379.5210833
12/1/2014,380.6354731
12/2/2014,383.1112098
12/3/2014,375.8465751
12/4/2014,370.2808642
12/5/2014,377.7039696
12/6/2014,376.3991499
12/7/2014,376.3546086
12/8/2014,361.970468
12/9/2014,352.0719793
12/10/2014,345.1924483
12/11/2014,348.7170017
12/12/2014,352.4045849
12/13/2014,347.6927132
12/14/2014,354.6167372
12/15/2014,347.0014003
12/16/2014,326.3193352
12/17/2014,319.8662331
12/18/2014,312.047813
12/19/2014,318.5636757
12/20/2014,330.1159954
12/21/2014,320.7616513
12/22/2014,332.4951038
12/23/2014,336.0990856
12/24/2014,322.8570814
12/25/2014,318.9561048
12/26/2014,327.5920737
12/27/2014,316.2548671
12/28/2014,317.1776904
12/29/2014,312.9633322
12/30/2014,311.1016448
12/31/2014,322.1062466
1/1/2015,314.960524
1/2/2015,316.110271
1/3/2015,280.0315011
1/4/2015,264.2909774
1/5/2015,275.0634353
1/6/2015,288.5236155
1/7/2015,297.9628865
1/8/2015,283.3542884
1/9/2015,291.0168197
1/10/2015,275.9174292
1/11/2015,267.1485403
1/12/2015,268.5146558
1/13/2015,227.9318192
1/14/2015,180.0687498
1/15/2015,210.0848369
1/16/2015,208.5686211
1/17/2015,201.0599414
1/18/2015,211.1823353
1/19/2015,216.3129006
1/20/2015,212.0488184
1/21/2015,227.8870809
1/22/2015,234.7452368
1/23/2015,233.3379622
1/24/2015,248.8009836
1/25/2015,254.8672585
1/26/2015,275.8336666
1/27/2015,265.1198518
1/28/2015,234.9327483
1/29/2015,233.6450358
1/30/2015,227.0887769
1/31/2015,216.2255699
2/1/2015,227.1416082
2/2/2015,238.8632163
2/3/2015,228.0995497
2/4/2015,227.7983078
2/5/2015,216.7717187
2/6/2015,222.8871806
2/7/2015,228.8654964
2/8/2015,224.0217135
2/9/2015,220.6099909
2/10/2015,220.8763285
2/11/2015,219.8640673
2/12/2015,222.5973157
2/13/2015,236.1815316
2/14/2015,256.8535087
2/15/2015,235.8061463
2/16/2015,233.8002817
2/17/2015,244.2232599
2/18/2015,236.5963247
2/19/2015,240.2725683
2/20/2015,244.6810666
2/21/2015,245.547789
2/22/2015,236.5201196
2/23/2015,239.3622266
2/24/2015,239.6668751
2/25/2015,237.9977584
2/26/2015,237.0389134
2/27/2015,254.6318691
2/28/2015,255.2487086
3/1/2015,261.7029339
3/2/2015,277.0443846
3/3/2015,283.2968073
3/4/2015,273.184922
3/5/2015,277.2104578
3/6/2015,273.3267737
3/7/2015,276.971226
3/8/2015,275.4976793
3/9/2015,290.6250387
3/10/2015,292.4347039
3/11/2015,296.7941636
3/12/2015,295.7150686
3/13/2015,283.484049
3/14/2015,282.8150729
3/15/2015,287.1400576
3/16/2015,291.2105624
3/17/2015,285.291552
3/18/2015,257.1910826
3/19/2015,262.1573879
3/20/2015,262.4636269
3/21/2015,260.6639649
3/22/2015,268.7531727
3/23/2015,267.1376824
3/24/2015,245.9942326
3/25/2015,246.4575278
3/26/2015,249.5049198
3/27/2015,246.8676107
3/28/2015,253.0298167
3/29/2015,242.6850478
3/30/2015,248.0951072
3/31/2015,244.5767681
4/1/2015,247.1786171
4/2/2015,253.3705167
4/3/2015,254.1905011
4/4/2015,253.6370442
4/5/2015,260.5044487
4/6/2015,255.8356744
4/7/2015,253.7754868
4/8/2015,245.1332094
4/9/2015,243.8936765
4/10/2015,236.2307944
4/11/2015,236.9531509
4/12/2015,236.5997669
4/13/2015,224.8306842
4/14/2015,219.5232903
4/15/2015,223.7961585
4/16/2015,228.3332078
4/17/2015,222.670634
4/18/2015,223.3330158
4/19/2015,222.4855606
4/20/2015,224.4004064
4/21/2015,236.0814099
4/22/2015,234.1019428
4/23/2015,235.8931397
4/24/2015,231.2520432
4/25/2015,226.1462059
4/26/2015,219.8773186
4/27/2015,227.4087251
4/28/2015,225.4256199
4/29/2015,225.409944
4/30/2015,236.2158471
5/1/2015,232.0187986
5/2/2015,234.9546204
5/3/2015,240.4474185
5/4/2015,238.6624945
5/5/2015,235.8279758
5/6/2015,229.283635
5/7/2015,237.3543762
5/8/2015,244.2043009
5/9/2015,242.4292059
5/10/2015,240.6486169
5/11/2015,242.1372504
5/12/2015,241.7601384
5/13/2015,235.7773448
5/14/2015,236.9696845
5/15/2015,237.4067608
5/16/2015,235.789516
5/17/2015,236.1669312
5/18/2015,233.0817497
5/19/2015,231.8016767
5/20/2015,234.1514998
5/21/2015,235.3269844
5/22/2015,240.4513915
5/23/2015,238.6669656
5/24/2015,240.6779538
5/25/2015,236.7711264
5/26/2015,236.7192514
5/27/2015,236.0757936
5/28/2015,236.8229125
5/29/2015,236.5005253
5/30/2015,232.7489361
5/31/2015,229.1003671
6/1/2015,222.4996818
6/2/2015,225.0598146
6/3/2015,225.1333662
6/4/2015,223.6354126
6/5/2015,224.6851071
6/6/2015,225.6907152
6/7/2015,223.3592095
6/8/2015,228.5506747
6/9/2015,228.9583651
6/10/2015,228.5356185
6/11/2015,229.6515395
6/12/2015,229.4253348
6/13/2015,232.608553
6/14/2015,233.1821438
6/15/2015,236.6509742
6/16/2015,251.4557297
6/17/2015,248.754882
6/18/2015,249.2662959
6/19/2015,244.6272094
6/20/2015,245.293215
6/21/2015,244.1456698
6/22/2015,246.6757479
6/23/2015,244.19062
6/24/2015,239.9702246
6/25/2015,242.16195
6/26/2015,243.2778516
6/27/2015,251.5304954
6/28/2015,249.1243817
6/29/2015,256.6713222
6/30/2015,263.0324964
7/1/2015,258.3104768
7/2/2015,254.6310893
7/3/2015,256.2461058
7/4/2015,260.5763349
7/5/2015,272.00404
7/6/2015,269.4232407
7/7/2015,265.7555522
7/8/2015,270.5797429
7/9/2015,269.516824
7/10/2015,285.6012251
7/11/2015,293.3405993
7/12/2015,311.304708
7/13/2015,292.8827924
7/14/2015,287.4311614
7/15/2015,285.9753577
7/16/2015,278.7347849
7/17/2015,279.9786998
7/18/2015,277.4237488
7/19/2015,275.3584891
7/20/2015,280.1365934
7/21/2015,276.2407489
7/22/2015,278.2378405
7/23/2015,277.2125443
7/24/2015,288.7440006
7/25/2015,289.3338089
7/26/2015,293.2849919
7/27/2015,294.5968846
7/28/2015,295.0169178
7/29/2015,290.2784169
7/30/2015,288.5377193
7/31/2015,284.681201
8/1/2015,281.4954211
8/2/2015,282.8036617
8/3/2015,281.5031529
8/4/2015,285.7944493
8/5/2015,282.3207405
8/6/2015,279.0767972
8/7/2015,280.3008659
8/8/2015,261.8081799
8/9/2015,265.7865942
8/10/2015,265.0239485
8/11/2015,272.019592
8/12/2015,267.8400887
8/13/2015,263.8945443
8/14/2015,264.99138
8/15/2015,263.5708206
8/16/2015,259.1389862
8/17/2015,257.8646435
8/18/2015,229.7631101
8/19/2015,227.9591221
8/20/2015,235.8621729
8/21/2015,232.9182757
8/22/2015,230.4342191
8/23/2015,229.14372
8/24/2015,210.5708804
8/25/2015,223.0145842
8/26/2015,226.2963634
8/27/2015,225.9442482
8/28/2015,232.1951439
8/29/2015,230.8633734
8/30/2015,230.0791349
8/31/2015,230.0984772
9/1/2015,228.2561496
9/2/2015,229.8360933
9/3/2015,227.9195715
9/4/2015,230.9482398
9/5/2015,235.8197636
9/6/2015,240.7817681
9/7/2015,240.6172407
9/8/2015,244.1568819
9/9/2015,238.7539659
9/10/2015,239.0261712
9/11/2015,240.3584052
9/12/2015,235.510524
9/13/2015,230.3821022
9/14/2015,230.8180318
9/15/2015,230.8092476
9/16/2015,228.8693957
9/17/2015,233.1003822
9/18/2015,232.1751293
9/19/2015,231.5965614
9/20/2015,231.6249739
9/21/2015,226.9850226
9/22/2015,230.9920699
9/23/2015,230.0460573
9/24/2015,234.544201
9/25/2015,234.7269865
9/26/2015,234.0294018
9/27/2015,232.6547381
9/28/2015,240.0448019
9/29/2015,237.0886066
9/30/2015,236.5082775
10/1/2015,237.7906031
10/2/2015,237.8536035
10/3/2015,239.3207817
10/4/2015,238.8975021
10/5/2015,241.3937448
10/6/2015,246.7786676
10/7/2015,243.7646412
10/8/2015,242.8360253
10/9/2015,244.7380406
10/10/2015,245.8728844
10/11/2015,248.1642433
10/12/2015,246.3047308
10/13/2015,250.4692285
10/14/2015,252.9022939
10/15/2015,255.0394119
10/16/2015,263.1900853
10/17/2015,272.0301471
10/18/2015,263.9854948
10/19/2015,264.6560882
10/20/2015,270.7622898
10/21/2015,267.8981219
10/22/2015,275.8750136
10/23/2015,278.6794394
10/24/2015,283.7317085
10/25/2015,284.6811886
10/26/2015,286.716012
10/27/2015,295.1209602
10/28/2015,304.343403
10/29/2015,313.9723544
10/30/2015,329.472388
10/31/2015,314.2708334
11/1/2015,328.871168
11/2/2015,363.9375096
11/3/2015,404.5259027
11/4/2015,421.790305
11/5/2015,386.9789678
11/6/2015,375.3951129
11/7/2015,385.1643126
11/8/2015,373.9415644
11/9/2015,380.1756838
11/10/2015,339.1547427
11/11/2015,313.6228295
11/12/2015,336.9269162
11/13/2015,338.1916067
11/14/2015,333.4390115
11/15/2015,320.6732768
11/16/2015,332.0870313
11/17/2015,336.2843723
11/18/2015,335.720043
11/19/2015,326.2845909
11/20/2015,322.4353243
11/21/2015,327.8543839
11/22/2015,324.9205834
11/23/2015,323.823339
11/24/2015,320.5543728
11/25/2015,329.4833928
11/26/2015,353.7980644
11/27/2015,358.7104565
11/28/2015,358.4355263
11/29/2015,373.3563935
11/30/2015,376.9633511
12/1/2015,362.7758352
12/2/2015,359.3236874
12/3/2015,360.2170359
12/4/2015,363.6692522
12/5/2015,389.2398163
12/6/2015,390.1045582
12/7/2015,396.0996664
12/8/2015,420.3694178
12/9/2015,418.0851486
12/10/2015,415.2781833
12/11/2015,455.3276316
12/12/2015,435.6019376
12/13/2015,433.1189715
12/14/2015,443.5402374
12/15/2015,465.5489279
12/16/2015,454.7854895
12/17/2015,455.5572073
12/18/2015,463.0710194
12/19/2015,461.9463106
12/20/2015,442.4066177
12/21/2015,437.379365
12/22/2015,435.549823
12/23/2015,442.6837058
12/24/2015,455.805942
12/25/2015,455.6404342
12/26/2015,416.872199
12/27/2015,422.7959037
12/28/2015,420.9850415
12/29/2015,432.2813584
12/30/2015,424.974968
12/31/2015,429.6565276
1/1/2016,434.3363469
1/2/2016,433.5068626
1/3/2016,429.1047323
1/4/2016,433.7908332
1/5/2016,432.4603729
1/6/2016,429.6062174
1/7/2016,458.5780248
1/8/2016,453.8620979
1/9/2016,449.2588505
1/10/2016,449.1487988
1/11/2016,449.413879
1/12/2016,433.7546447
1/13/2016,431.6081722
1/14/2016,430.2427251
1/15/2016,359.6326316
1/16/2016,388.7558194
1/17/2016,381.4446884
1/18/2016,386.8954705
1/19/2016,378.8512218
1/20/2016,419.3009435
1/21/2016,411.082294
1/22/2016,382.1528894
1/23/2016,387.3484584
1/24/2016,403.5707061
1/25/2016,392.3866146
1/26/2016,394.9127973
1/27/2016,395.1875799
1/28/2016,379.2816318
1/29/2016,378.1490014
1/30/2016,377.8505058
1/31/2016,368.5008277
2/1/2016,371.6307957
2/2/2016,373.686893
2/3/2016,368.859575
2/4/2016,389.8011438
2/5/2016,386.7883876
2/6/2016,374.7377077
2/7/2016,374.0788047
2/8/2016,370.8734339
2/9/2016,374.8218357
2/10/2016,378.9077901
2/11/2016,373.0271285
2/12/2016,378.8366667
2/13/2016,391.1185125
2/14/2016,407.0618375
2/15/2016,399.7807363
2/16/2016,407.0026176
2/17/2016,415.4356791
2/18/2016,421.7650898
2/19/2016,420.3270617
2/20/2016,438.3123324
2/21/2016,439.3781448
2/22/2016,436.7422892
2/23/2016,420.3525016
2/24/2016,424.8040034
2/25/2016,425.4014055
2/26/2016,434.7122974
2/27/2016,432.440981
2/28/2016,433.831489
3/1/2016,432.493682
3/2/2016,420.8057644
3/3/2016,418.5944495
3/4/2016,405.7192388
3/5/2016,395.3494185
3/6/2016,401.2868876
3/7/2016,411.4453476
3/8/2016,413.7632902
3/9/2016,411.0708003
3/10/2016,410.9498839
3/11/2016,419.4046654
3/12/2016,407.2759833
3/13/2016,410.9468584
3/14/2016,414.8363592
3/15/2016,416.6374964
3/16/2016,416.1852216
3/17/2016,418.6242692
3/18/2016,407.3969975
3/19/2016,411.5068619
3/20/2016,413.1981255
3/21/2016,413.6286836
3/22/2016,417.3345285
3/23/2016,417.2959084
3/24/2016,414.6262179
3/25/2016,415.8069154
3/26/2016,417.6813129
3/27/2016,426.7655366
3/28/2016,422.9285319
3/29/2016,416.0904741
3/30/2016,414.3618619
3/31/2016,417.0801431
4/1/2016,419.1126714
4/2/2016,421.8530085
4/3/2016,421.8103263
4/4/2016,421.192439
4/5/2016,423.9097538
4/6/2016,422.4220201
4/7/2016,424.3993423
4/8/2016,419.5232373
4/9/2016,418.2597924
4/10/2016,420.2165981
4/11/2016,424.4885457
4/12/2016,427.7869233
4/13/2016,423.3980441
4/14/2016,426.038803
4/15/2016,430.8091005
4/16/2016,431.9806333
4/17/2016,427.203794
4/18/2016,429.5298621
4/19/2016,436.860828
4/20/2016,443.8011571
4/21/2016,452.6876031
4/22/2016,449.099307
4/23/2016,454.6559207
4/24/2016,463.1126081
4/25/2016,462.7694159
4/26/2016,468.7275207
4/27/2016,446.1147901
4/28/2016,451.5682923
4/29/2016,455.7691755
4/30/2016,447.6085947
5/1/2016,450.0386476
5/2/2016,443.7424123
5/3/2016,454.4156032
5/4/2016,448.7800816
5/5/2016,448.9528771
5/6/2016,461.6063214
5/7/2016,460.037606
5/8/2016,461.1276939
5/9/2016,462.80339
5/10/2016,451.9531676
5/11/2016,452.3253745
5/12/2016,456.3029074
5/13/2016,458.8865832
5/14/2016,456.2607216
5/15/2016,458.8912038
5/16/2016,453.7258055
5/17/2016,453.1789586
5/18/2016,456.8211025
5/19/2016,435.204457
5/20/2016,442.9717404
5/21/2016,442.5225385
5/22/2016,437.9067238
5/23/2016,443.3838849
5/24/2016,446.8031312
5/25/2016,449.6310801
5/26/2016,453.3448215
5/27/2016,472.6188231
5/28/2016,527.3270021
5/29/2016,530.4543818
5/30/2016,533.6876034
5/31/2016,531.7330407
6/1/2016,537.0639026
6/2/2016,539.9046007
6/3/2016,569.1525873
6/4/2016,570.950871
6/5/2016,571.7315928
6/6/2016,586.3115595
6/7/2016,578.2269662
6/8/2016,583.9556282
6/9/2016,577.4019986
6/10/2016,581.2195301
6/11/2016,614.1066613
6/12/2016,673.4743808
6/13/2016,706.9316334
6/14/2016,684.6596821
6/15/2016,696.9308246
6/16/2016,769.9334024
6/17/2016,750.8291421
6/18/2016,757.7169474
6/19/2016,767.3639606
6/20/2016,739.647447
6/21/2016,670.3333952
6/22/2016,603.7257245
6/23/2016,627.20849
6/24/2016,666.7799353
6/25/2016,666.478299
6/26/2016,629.1571486
6/27/2016,660.876642
6/28/2016,646.9981551
6/29/2016,640.3981895
6/30/2016,674.6485059
7/1/2016,676.2321923
7/2/2016,705.9440134
7/3/2016,660.4490521
7/4/2016,683.14707
7/5/2016,670.9180744
7/6/2016,680.3864869
7/7/2016,641.2077052
7/8/2016,668.0116473
7/9/2016,650.5796193
7/10/2016,650.2808978
7/11/2016,649.0754337
7/12/2016,667.5867408
7/13/2016,653.071744
7/14/2016,660.3938955
7/15/2016,664.4746691
7/16/2016,664.6615359
7/17/2016,682.5803428
7/18/2016,675.0627687
7/19/2016,675.2782753
7/20/2016,666.4688365
7/21/2016,664.515227
7/22/2016,650.5325633
7/23/2016,656.0183957
7/24/2016,662.6688369
7/25/2016,652.9484743
7/26/2016,641.6377384
7/27/2016,654.6173672
7/28/2016,655.5310406
7/29/2016,657.2483232
7/30/2016,654.2501793
7/31/2016,623.0492291
8/1/2016,606.5278659
8/2/2016,588.5359772
8/3/2016,575.3224832
8/4/2016,584.2612932
8/5/2016,581.2959294
8/6/2016,594.1439013
8/7/2016,600.2455726
8/8/2016,594.1771304
8/9/2016,588.6038122
8/10/2016,591.7237462
8/11/2016,590.8990042
8/12/2016,586.5488863
8/13/2016,585.3192731
8/14/2016,571.9574819
8/15/2016,567.5134979
8/16/2016,577.8705764
8/17/2016,573.3194845
8/18/2016,573.8706104
8/19/2016,575.217368
8/20/2016,581.8212221
8/21/2016,582.0821889
8/22/2016,586.9595432
8/23/2016,583.9742441
8/24/2016,580.0770256
8/25/2016,576.5637781
8/26/2016,581.5041746
8/27/2016,574.8664521
8/28/2016,577.9553785
8/29/2016,572.6688964
8/30/2016,578.8017198
8/31/2016,573.9409101
9/1/2016,572.7248517
9/2/2016,576.8532061
9/3/2016,603.5027351
9/4/2016,609.8357052
9/5/2016,608.1958093
9/6/2016,608.2402969
9/7/2016,617.4378925
9/8/2016,628.8862505
9/9/2016,624.6039492
9/10/2016,626.2798139
9/11/2016,609.0406704
9/12/2016,610.354448
9/13/2016,612.8470152
9/14/2016,611.0810138
9/15/2016,611.1751344
9/16/2016,609.6915756
9/17/2016,610.0505721
9/18/2016,613.6320161
9/19/2016,608.5158903
9/20/2016,603.2530043
9/21/2016,598.1460543
9/22/2016,598.0633673
9/23/2016,605.2071783
9/24/2016,603.7765389
9/25/2016,601.5726192
9/26/2016,608.6987217
9/27/2016,607.8752475
9/28/2016,605.7438782
9/29/2016,605.1838039
9/30/2016,610.6321829
10/1/2016,614.7129471
10/2/2016,610.8574741
10/3/2016,613.7784135
10/4/2016,610.9990563
10/5/2016,614.0616515
10/6/2016,613.7917989
10/7/2016,617.8699356
10/8/2016,618.315389
10/9/2016,614.5149771
10/10/2016,618.756295
10/11/2016,640.9705438
10/12/2016,637.7930272
10/13/2016,637.014646
10/14/2016,641.098481
10/15/2016,640.0888565
10/16/2016,642.1004743
10/17/2016,640.91439
10/18/2016,639.7652125
10/19/2016,632.4450698
10/20/2016,633.2153195
10/21/2016,635.4230829
10/22/2016,661.1154486
10/23/2016,657.4164636
10/24/2016,656.6585687
10/25/2016,658.7445121
10/26/2016,680.2757274
10/27/2016,691.5423136
10/28/2016,692.5326611
10/29/2016,716.1637196
10/30/2016,701.812928
10/31/2016,704.5256944
11/1/2016,733.7719013
11/2/2016,749.4592627
11/3/2016,691.3768617
11/4/2016,707.6181621
11/5/2016,708.5706627
11/6/2016,717.8942531
11/7/2016,708.4772993
11/8/2016,712.6827307
11/9/2016,729.5528933
11/10/2016,717.02022
11/11/2016,721.3652177
11/12/2016,708.5868696
11/13/2016,706.5824163
11/14/2016,709.2138406
11/15/2016,713.5198031
11/16/2016,741.919028
11/17/2016,742.9021269
11/18/2016,753.585964
11/19/2016,758.2681298
11/20/2016,735.2951793
11/21/2016,743.1683814
11/22/2016,754.1146626
11/23/2016,750.8834475
11/24/2016,742.6677063
11/25/2016,744.2904911
11/26/2016,741.0618194
11/27/2016,733.8790908
11/28/2016,738.4973965
11/29/2016,738.328193
11/30/2016,749.6384966
12/1/2016,761.8089786
12/2/2016,784.3653161
12/3/2016,781.2363132
12/4/2016,791.2552697
12/5/2016,765.7188277
12/6/2016,785.44834
12/7/2016,785.2486864
12/8/2016,778.9382587
12/9/2016,779.045695
12/10/2016,780.3402931
12/11/2016,778.881676
12/12/2016,782.7292666
12/13/2016,785.6862947
12/14/2016,787.5295075
12/15/2016,780.0284406
12/16/2016,785.7913945
12/17/2016,792.6797948
12/18/2016,792.1546322
12/19/2016,795.882327
12/20/2016,804.4231544
12/21/2016,835.9330744
12/22/2016,869.6684143
12/23/2016,922.0677639
12/24/2016,904.0226772
12/25/2016,902.9737726
12/26/2016,910.73359
12/27/2016,939.2557784
12/28/2016,986.0306727
12/29/2016,980.4143092
12/30/2016,969.4614856
12/31/2016,979.9119424
1/1/2017,1008.187191
1/2/2017,1020.018034
1/3/2017,1037.343903
1/4/2017,1148.919759
1/5/2017,1004.212969
1/6/2017,904.6004818
1/7/2017,914.301515
1/8/2017,919.4326683
1/9/2017,899.90998
1/10/2017,911.1152511
1/11/2017,780.478008
1/12/2017,806.6908855
1/13/2017,829.0663404
1/14/2017,820.5955186
1/15/2017,825.191997
1/16/2017,835.1174622
1/17/2017,908.7594809
1/18/2017,891.8269081
1/19/2017,899.6003534
1/20/2017,895.0316263
1/21/2017,921.733322
1/22/2017,923.723446
1/23/2017,915.0146068
1/24/2017,891.6679064
1/25/2017,896.9045411
1/26/2017,917.9967148
1/27/2017,918.7274794
1/28/2017,920.7424071
1/29/2017,916.4721346
1/30/2017,920.0042939
1/31/2017,965.9662593
2/1/2017,989.4977078
2/2/2017,1015.293448
2/3/2017,1023.476788
2/4/2017,1034.474024
2/5/2017,1016.942377
2/6/2017,1029.666801
2/7/2017,1058.250578
2/8/2017,1062.275016
2/9/2017,993.0015442
2/10/2017,996.3646546
2/11/2017,1008.277427
2/12/2017,1003.738718
2/13/2017,1004.421627
2/14/2017,1017.792969
2/15/2017,1017.594749
2/16/2017,1043.748991
2/17/2017,1062.442953
2/18/2017,1065.517067
2/19/2017,1062.658909
2/20/2017,1089.747292
2/21/2017,1133.511542
2/22/2017,1133.385019
2/23/2017,1188.720628
2/24/2017,1190.350668
2/25/2017,1157.996741
2/26/2017,1185.851501
2/27/2017,1196.702632
2/28/2017,1199.324018
3/1/2017,1236.487374
3/2/2017,1264.825902
3/3/2017,1289.318932
3/4/2017,1270.9766
3/5/2017,1278.221701
3/6/2017,1286.146112
3/7/2017,1236.949817
3/8/2017,1156.779746
3/9/2017,1194.397114
3/10/2017,1118.423499
3/11/2017,1178.30262
3/12/2017,1226.678097
3/13/2017,1241.846245
3/14/2017,1247.135907
3/15/2017,1251.60886
3/16/2017,1170.107535
3/17/2017,1070.983329
3/18/2017,967.790759
3/19/2017,1023.222542
3/20/2017,1040.655833
3/21/2017,1116.356955
3/22/2017,1041.713193
3/23/2017,1032.811446
3/24/2017,940.0009026
3/25/2017,966.5075151
3/26/2017,966.3523125
3/27/2017,1042.772689
3/28/2017,1045.282418
3/29/2017,1041.481312
3/30/2017,1035.323899
3/31/2017,1079.667072
4/1/2017,1091.822111
4/2/2017,1105.268159
4/3/2017,1151.049006
4/4/2017,1144.315326
4/5/2017,1139.535696
4/6/2017,1194.314513
4/7/2017,1196.948395
4/8/2017,1188.526053
4/9/2017,1213.547334
4/10/2017,1214.2453
4/11/2017,1228.6731
4/12/2017,1220.866103
4/13/2017,1182.268184
4/14/2017,1194.228851
4/15/2017,1188.729328
4/16/2017,1190.906195
4/17/2017,1213.701398
4/18/2017,1235.45977
4/19/2017,1230.975272
4/20/2017,1269.468781
4/21/2017,1274.622385
4/22/2017,1287.083073
4/23/2017,1287.836225
4/24/2017,1285.387669
4/25/2017,1304.679175
4/26/2017,1333.121036
4/27/2017,1370.371844
4/28/2017,1371.950609
4/29/2017,1378.408584
4/30/2017,1391.031633
5/1/2017,1469.246408
5/2/2017,1494.676269
5/3/2017,1551.434242
5/4/2017,1565.758635
5/5/2017,1534.377701
5/6/2017,1577.137017
5/7/2017,1573.61016
5/8/2017,1690.543584
5/9/2017,1740.507683
5/10/2017,1797.559129
5/11/2017,1843.73608
5/12/2017,1710.675878
5/13/2017,1800.021231
5/14/2017,1809.161339
5/15/2017,1757.593681
5/16/2017,1773.486121
5/17/2017,1840.251338
5/18/2017,1923.314868
5/19/2017,1971.751766
5/20/2017,2071.234821
5/21/2017,2048.825308
5/22/2017,2110.592887
5/23/2017,2286.323201
5/24/2017,2437.247385
5/25/2017,2300.9092
5/26/2017,2220.764861
5/27/2017,2029.713024
5/28/2017,2136.523818
5/29/2017,2269.883185
5/30/2017,2159.762905
5/31/2017,2267.214268
6/1/2017,2382.415357
6/2/2017,2467.837993
6/3/2017,2527.091205
6/4/2017,2512.456919
6/5/2017,2680.218346
6/6/2017,2867.635172
6/7/2017,2678.861297
6/8/2017,2799.70474
6/9/2017,2817.858331
6/10/2017,2848.288309
6/11/2017,2957.209838
6/12/2017,2610.411563
6/13/2017,2692.80354
6/14/2017,2438.62324
6/15/2017,2412.736376
6/16/2017,2469.521451
6/17/2017,2631.968059
6/18/2017,2505.98635
6/19/2017,2586.79725
6/20/2017,2702.149515
6/21/2017,2632.112991
6/22/2017,2677.217079
6/23/2017,2684.530635
6/24/2017,2545.898892
6/25/2017,2497.94203
6/26/2017,2409.57653
6/27/2017,2534.171313
6/28/2017,2543.617558
6/29/2017,2509.135476
6/30/2017,2445.675081
7/1/2017,2380.326536
7/2/2017,2489.656989
7/3/2017,2542.890109
7/4/2017,2594.257311
7/5/2017,2607.498803
7/6/2017,2599.030591
7/7/2017,2494.310895
7/8/2017,2552.126506
7/9/2017,2498.605088
7/10/2017,2330.833403
7/11/2017,2297.740013
7/12/2017,2381.826097
7/13/2017,2339.720859
7/14/2017,2212.600546
7/15/2017,1976.071706
7/16/2017,1917.231104
7/17/2017,2226.746957
7/18/2017,2305.289161
7/19/2017,2258.034992
7/20/2017,2857.347762
7/21/2017,2658.803346
7/22/2017,2831.333535
7/23/2017,2750.034227
7/24/2017,2767.137633
7/25/2017,2559.589905
7/26/2017,2527.931534
7/27/2017,2664.830393
7/28/2017,2786.944607
7/29/2017,2712.71584
7/30/2017,2755.365413
7/31/2017,2868.235069
8/1/2017,2734.137758
8/2/2017,2702.171777
8/3/2017,2792.757445
8/4/2017,2864.825741
8/5/2017,3258.894416
8/6/2017,3234.79209
8/7/2017,3397.543853
8/8/2017,3426.48996
8/9/2017,3349.43849
8/10/2017,3420.144415
8/11/2017,3651.992894
8/12/2017,3875.357913
8/13/2017,4065.44211
8/14/2017,4324.042812
8/15/2017,4160.068852
8/16/2017,4379.370693
8/17/2017,4271.187026
8/18/2017,4105.300987
8/19/2017,4151.132889
8/20/2017,4055.54352
8/21/2017,3999.608357
8/22/2017,4092.770397
8/23/2017,4145.557828
8/24/2017,4323.535018
8/25/2017,4356.328526
8/26/2017,4341.765948
8/27/2017,4332.279363
8/28/2017,4381.277663
8/29/2017,4591.950588
8/30/2017,4577.463111
8/31/2017,4732.581592
9/1/2017,4927.712508
9/2/2017,4590.093657
9/3/2017,4636.313933
9/4/2017,4292.877038
9/5/2017,4415.248352
9/6/2017,4619.852236
9/7/2017,4630.503427
9/8/2017,4341.646198
9/9/2017,4331.747529
9/10/2017,4248.970223
9/11/2017,4218.009417
9/12/2017,4160.596535
9/13/2017,3864.475953
9/14/2017,3216.276811
9/15/2017,3718.038028
9/16/2017,3694.3227
9/17/2017,3678.482611
9/18/2017,4091.246986
9/19/2017,3896.702681
9/20/2017,3877.730205
9/21/2017,3608.283479
9/22/2017,3610.452373
9/23/2017,3784.208876
9/24/2017,3668.494268
9/25/2017,3924.202695
9/26/2017,3878.223753
9/27/2017,4200.695728
9/28/2017,4181.697906
9/29/2017,4159.370509
9/30/2017,4349.368763
10/1/2017,4386.837193
10/2/2017,4391.539345
10/3/2017,4311.355223
10/4/2017,4218.372491
10/5/2017,4312.997433
10/6/2017,4360.534056
10/7/2017,4420.100697
10/8/2017,4594.715658
10/9/2017,4768.940849
10/10/2017,4764.5207
10/11/2017,4815.811179
10/12/2017,5435.658434
10/13/2017,5630.718573
10/14/2017,5758.313096
10/15/2017,5700.268119
10/16/2017,5753.857486
10/17/2017,5598.713314
10/18/2017,5571.864226
10/19/2017,5692.816916
10/20/2017,5983.558301
10/21/2017,6016.885115
10/22/2017,5990.735812
10/23/2017,5903.637786
10/24/2017,5513.854275
10/25/2017,5719.676594
10/26/2017,5892.352363
10/27/2017,5760.026303
10/28/2017,5719.929237
10/29/2017,6137.665604
10/30/2017,6112.438987
10/31/2017,6444.31383
11/1/2017,6750.122611
11/2/2017,7038.030663
11/3/2017,7172.452443
11/4/2017,7388.078025
11/5/2017,7390.68703
11/6/2017,6985.912736
11/7/2017,7121.12479
11/8/2017,7456.244896
11/9/2017,7143.96598
11/10/2017,6557.813589
11/11/2017,6324.001738
11/12/2017,5858.257143
11/13/2017,6530.685541
11/14/2017,6625.892561
11/15/2017,7288.341854
11/16/2017,7835.439111
11/17/2017,7698.442875
11/18/2017,7768.913828
11/19/2017,8029.566533
11/20/2017,8250.014976
11/21/2017,8093.645051
11/22/2017,8224.766394
11/23/2017,7998.505004
11/24/2017,8190.642123
11/25/2017,8752.606182
11/26/2017,9298.80545
11/27/2017,9724.876322
11/28/2017,9968.505786
11/29/2017,9857.990292
11/30/2017,10001.57041
12/1/2017,10874.77363
12/2/2017,10918.4804
12/3/2017,11263.3385
12/4/2017,11605.99365
12/5/2017,11707.29843
12/6/2017,13755.32272
12/7/2017,17527.799
12/8/2017,16509.63562
12/9/2017,14979.76311
12/10/2017,15086.42798
12/11/2017,16714.05651
12/12/2017,17062.04883
12/13/2017,16276.06584
12/14/2017,16536.85955
12/15/2017,17652.30914
12/16/2017,19326.72483
12/17/2017,19043.06091
12/18/2017,18885.34018
12/19/2017,17561.78347
12/20/2017,16473.00213
12/21/2017,15514.49743
12/22/2017,13704.87445
12/23/2017,14427.96546
12/24/2017,13768.81496
12/25/2017,13875.17445
12/26/2017,15739.24577
12/27/2017,15417.61954
12/28/2017,14453.23952
12/29/2017,14412.77153
12/30/2017,12609.38832
12/31/2017,13923.29422
1/1/2018,13489.55343
1/2/2018,14773.33012
1/3/2018,15141.98759
1/4/2018,15255.30151
1/5/2018,16983.50718
1/6/2018,17139.40222
1/7/2018,16194.79948
1/8/2018,15023.39327
1/9/2018,14540.13078
1/10/2018,14888.97343
1/11/2018,13395.50223
1/12/2018,13899.01495
1/13/2018,14261.72687
1/14/2018,13706.30186
1/15/2018,13580.26456
1/16/2018,11286.97814
1/17/2018,11192.02701
1/18/2018,11236.73516
1/19/2018,11601.66544
1/20/2018,12777.95814
1/21/2018,11535.55985
1/22/2018,10824.17097
1/23/2018,10828.57543
1/24/2018,11346.58509
1/25/2018,11143.39525
1/26/2018,11072.58628
1/27/2018,11428.68356
1/28/2018,11733.04909
1/29/2018,11152.48349
1/30/2018,10060.44844
1/31/2018,10108.51808
2/1/2018,9060.12197
2/2/2018,8844.957205
2/3/2018,9159.917196
2/4/2018,8125.323568
2/5/2018,6922.357206
2/6/2018,7687.308014
2/7/2018,7627.208718
2/8/2018,8242.804454
2/9/2018,8661.671598
2/10/2018,8551.540335
2/11/2018,8114.005505
2/12/2018,8876.876992
2/13/2018,8549.642493
2/14/2018,9462.757796
2/15/2018,10004.80405
2/16/2018,10204.82431
2/17/2018,11064.91404
2/18/2018,10459.15173
2/19/2018,11203.88887
2/20/2018,11229.22392
2/21/2018,10473.13341
2/22/2018,9855.540424
2/23/2018,10145.46225
2/24/2018,9691.701224
2/25/2018,9630.630459
2/26/2018,10332.94086
2/27/2018,10593.85032
2/28/2018,10355.46404
3/1/2018,10885.67078
3/2/2018,11028.00729
3/3/2018,11429.0809
3/4/2018,11466.57556
3/5/2018,11408.14981
3/6/2018,10733.53815
3/7/2018,9953.383939
3/8/2018,9329.171814
3/9/2018,9244.695819
3/10/2018,8852.289261
3/11/2018,9487.271041
3/12/2018,9130.667725
3/13/2018,9124.843812
3/14/2018,8209.58271
3/15/2018,8268.145529
3/16/2018,8266.084764
3/17/2018,7834.260621
3/18/2018,8182.438086
3/19/2018,8606.258058
3/20/2018,8911.3529
3/21/2018,8889.062841
3/22/2018,8699.55839
3/23/2018,8906.019017
3/24/2018,8565.746479
3/25/2018,8435.191285
3/26/2018,8138.110162
3/27/2018,7828.67099
3/28/2018,7896.607585
3/29/2018,7091.70576
3/30/2018,6840.646653
3/31/2018,6900.617901
4/1/2018,6808.169155
4/2/2018,7079.238881
4/3/2018,7381.31327
4/4/2018,6799.410424
4/5/2018,6772.341518
4/6/2018,6640.81823
4/7/2018,6910.994623
4/8/2018,6992.042234
4/9/2018,6771.283946
4/10/2018,6850.440501
4/11/2018,7058.618105
4/12/2018,7917.434338
4/13/2018,7913.171413
4/14/2018,8022.635828
4/15/2018,8318.36124
4/16/2018,8050.707072
4/17/2018,7919.336698
4/18/2018,8161.808039
4/19/2018,8302.077373
4/20/2018,8861.218703
4/21/2018,8912.019241
4/22/2018,8830.448574
4/23/2018,9001.581601
4/24/2018,9579.364543
4/25/2018,8879.749537
4/26/2018,9233.154093
4/27/2018,8986.116753
4/28/2018,9331.413379
4/29/2018,9389.32587
4/30/2018,9224.420877
5/1/2018,9073.0329
5/2/2018,9241.65538
5/3/2018,9704.432298
5/4/2018,9702.753033
5/5/2018,9850.214124
5/6/2018,9654.918166
5/7/2018,9369.942016
5/8/2018,9189.426231
5/9/2018,9312.271601
5/10/2018,8975.027121
5/11/2018,8407.497497
5/12/2018,8466.951908
5/13/2018,8689.784565
5/14/2018,8670.194612
5/15/2018,8477.796805
5/16/2018,8369.073774
5/17/2018,8100.073236
5/18/2018,8252.747738
5/19/2018,8276.371013
5/20/2018,8532.548134
5/21/2018,8400.435996
5/22/2018,7977.763579
5/23/2018,7533.391461
5/24/2018,7576.601878
5/25/2018,7478.91268
5/26/2018,7370.295669
5/27/2018,7351.120226
5/28/2018,7148.863849
5/29/2018,7456.679738
5/30/2018,7393.174819
5/31/2018,7499.938145
6/1/2018,7535.923424
6/2/2018,7685.729993
6/3/2018,7695.132627
6/4/2018,7504.542109
6/5/2018,7617.619367
6/6/2018,7649.268025
6/7/2018,7679.315944
6/8/2018,7616.391501
6/9/2018,7445.687566
6/10/2018,6792.818633
6/11/2018,6853.443933
6/12/2018,6548.497872
6/13/2018,6307.617729
6/14/2018,6634.4954
6/15/2018,6424.782407
6/16/2018,6481.19348
6/17/2018,6459.998704
6/18/2018,6696.13917
6/19/2018,6745.31522
6/20/2018,6757.448519
6/21/2018,6650.460106
6/22/2018,6058.227504
6/23/2018,6131.803269
6/24/2018,6143.611382
6/25/2018,6251.653525
6/26/2018,6088.342773
6/27/2018,6142.924729
6/28/2018,5876.100065
6/29/2018,6199.411694
6/30/2018,6388.326791
7/1/2018,6376.550047
7/2/2018,6619.946547
7/3/2018,6529.235583
7/4/2018,6597.489916
7/5/2018,6540.270359
7/6/2018,6600.649813
7/7/2018,6753.056731
7/8/2018,6716.515858
7/9/2018,6645.165089
7/10/2018,6314.043459
7/11/2018,6372.477193
7/12/2018,6242.245
7/13/2018,6220.609
7/14/2018,6261.833242
7/15/2018,6378.900021
7/16/2018,6723.387614
7/17/2018,7300.596339
7/18/2018,7376.745204
7/19/2018,7464.515945
7/20/2018,7332.038313
7/21/2018,7413.304918
7/22/2018,7444.316492
7/23/2018,7753.968203
7/24/2018,8355.945848
7/25/2018,8162.303362
7/26/2018,7968.247983
7/27/2018,8176.825032
7/28/2018,8219.54225
7/29/2018,8212.909944
7/30/2018,8121.807715
7/31/2018,7721.390253
8/1/2018,7594.412378
8/2/2018,7510.029577
8/3/2018,7390.945619
8/4/2018,7010.969462
8/5/2018,7020.429196
8/6/2018,6932.074199
8/7/2018,6713.82144
8/8/2018,6299.010497
8/9/2018,6542.093805
8/10/2018,6158.266116
8/11/2018,6232.394108
8/12/2018,6303.467838
8/13/2018,6251.397018
8/14/2018,6198.279904
8/15/2018,6287.518555
8/16/2018,6319.704457
8/17/2018,6578.117583
8/18/2018,6401.72094
8/19/2018,6477.001323
8/20/2018,6254.868672
8/21/2018,6474.449174
8/22/2018,6365.729376
8/23/2018,6516.791853
8/24/2018,6662.682998
8/25/2018,6727.416603
8/26/2018,6680.341825
8/27/2018,6897.439093
8/28/2018,7073.305404
8/29/2018,7020.364924
8/30/2018,6966.109206
8/31/2018,7011.730138
9/1/2018,7191.16892
9/2/2018,7284.119937
9/3/2018,7247.408479
9/4/2018,7341.893864
9/5/2018,6691.052429
9/6/2018,6495.847214
9/7/2018,6393.470645
9/8/2018,6188.003781
9/9/2018,6256.289924
9/10/2018,6291.578847
9/11/2018,6275.571962
9/12/2018,6321.242712
9/13/2018,6486.548148
9/14/2018,6475.066674
9/15/2018,6510.573902
9/16/2018,6488.467536
9/17/2018,6241.142925
9/18/2018,6333.786355
9/19/2018,6383.59223
9/20/2018,6485.157217
9/21/2018,6752.590874
9/22/2018,6707.90757
9/23/2018,6700.677203
9/24/2018,6578.578447
9/25/2018,6440.146422
9/26/2018,6456.334775
9/27/2018,6670.292824
9/28/2018,6631.021848
9/29/2018,6601.718587
9/30/2018,6599.811059
10/1/2018,6574.384061
10/2/2018,6510.476507
10/3/2018,6478.359816
10/4/2018,6554.724477
10/5/2018,6596.948343
10/6/2018,6562.118096
10/7/2018,6575.460346
10/8/2018,6629.625904
10/9/2018,6598.38079
10/10/2018,6540.004974
10/11/2018,6182.805124
10/12/2018,6220.488451
10/13/2018,6227.025591
10/14/2018,6213.697137
10/15/2018,6539.090465
10/16/2018,6520.588921
10/17/2018,6513.002536
10/18/2018,6461.383659
10/19/2018,6418.267783
10/20/2018,6436.83229
10/21/2018,6468.226344
10/22/2018,6439.763557
10/23/2018,6438.96482
10/24/2018,6449.448531
10/25/2018,6420.045766
10/26/2018,6431.43255
10/27/2018,6449.198478
10/28/2018,6442.038667
10/29/2018,6293.66545
10/30/2018,6305.102048
10/31/2018,6333.795163
11/1/2018,6345.387609
11/2/2018,6376.433894
11/3/2018,6356.003093
11/4/2018,6435.025499
11/5/2018,6423.938036
11/6/2018,6466.660645
11/7/2018,6521.643737
11/8/2018,6444.756636
11/9/2018,6357.639906
11/10/2018,6371.800855
11/11/2018,6366.735852
11/12/2018,6354.787619
11/13/2018,6299.543227
11/14/2018,5770.22359
11/15/2018,5622.088025
11/16/2018,5547.672065
11/17/2018,5534.34663
11/18/2018,5594.227744
11/19/2018,4832.384497
11/20/2018,4478.157619
11/21/2018,4573.495288
11/22/2018,4321.983962
11/23/2018,4328.744946
11/24/2018,3882.113829
11/25/2018,3958.271789
11/26/2018,3766.013394
11/27/2018,3792.842246
11/28/2018,4259.318758
11/29/2018,4285.036908
11/30/2018,4028.007957
12/1/2018,4222.294532
12/2/2018,4153.95728
12/3/2018,3897.332037
12/4/2018,3979.595473
12/5/2018,3781.870891
12/6/2018,3536.009379
12/7/2018,3433.774761
12/8/2018,3488.784892
12/9/2018,3629.691617
12/10/2018,3512.290425
12/11/2018,3418.807239
12/12/2018,3518.674626
12/13/2018,3346.70413
12/14/2018,3272.373807
12/15/2018,3260.51645
12/16/2018,3291.10187
12/17/2018,3584.296944
12/18/2018,3733.173855
12/19/2018,3776.492583
12/20/2018,4162.552172
12/21/2018,3950.89673
12/22/2018,4082.375591
12/23/2018,4054.006247
12/24/2018,4104.001269
12/25/2018,3884.14358
12/26/2018,3898.819014
12/27/2018,3705.591427
12/28/2018,3985.784278
12/29/2018,3876.554537
12/30/2018,3932.565711
12/31/2018,3798.788196
1/1/2019,3919.854186
1/2/2019,3986.672719
1/3/2019,3881.681608
1/4/2019,3907.868861
1/5/2019,3886.001263
1/6/2019,4109.346349
1/7/2019,4088.569388
1/8/2019,4069.197406
1/9/2019,4051.992973
1/10/2019,3702.153047
1/11/2019,3675.41762
1/12/2019,3677.430505
1/13/2019,3568.62919
1/14/2019,3703.006123
1/15/2019,3617.471966
1/16/2019,3644.50727
1/17/2019,3683.117631
1/18/2019,3646.702188
1/19/2019,3740.966693
1/20/2019,3574.431733
1/21/2019,3569.278466
1/22/2019,3623.813563
1/23/2019,3596.672008
1/24/2019,3631.590832
1/25/2019,3609.369241
1/26/2019,3618.97923
1/27/2019,3584.458365
1/28/2019,3477.522687
1/29/2019,3445.908307
1/30/2019,3499.756504
1/31/2019,3467.400941
2/1/2019,3504.957673
2/2/2019,3544.292953
2/3/2019,3482.659255
2/4/2019,3472.583863
2/5/2019,3486.681567
2/6/2019,3422.442483
2/7/2019,3418.224259
2/8/2019,3674.726085
2/9/2019,3689.364299
2/10/2019,3721.676622
2/11/2019,3647.1167
2/12/2019,3658.947434
2/13/2019,3637.716
2/14/2019,3604.979973
2/15/2019,3633.430299
2/16/2019,3658.071944
2/17/2019,3707.323833
2/18/2019,3928.832183
2/19/2019,3962.285379
2/20/2019,4008.657617
2/21/2019,3978.984307
2/22/2019,4024.814007
2/23/2019,4159.2233
2/24/2019,3801.53772
2/25/2019,3870.826356
2/26/2019,3864.648042
2/27/2019,3862.423798
2/28/2019,3867.141322
3/1/2019,3873.937784
3/2/2019,3886.729275
3/3/2019,3853.771147
3/4/2019,3768.496746
3/5/2019,3905.523978
3/6/2019,3913.51535
3/7/2019,3926.479251
3/8/2019,3920.243027
3/9/2019,3980.998048
3/10/2019,3971.068494
3/11/2019,3914.713242
3/12/2019,3925.583761
3/13/2019,3903.78451
3/14/2019,3910.552033
3/15/2019,3966.46181
3/16/2019,4051.297889
3/17/2019,4038.32783
3/18/2019,4034.656112
3/19/2019,4066.902411
3/20/2019,4096.512532
3/21/2019,4001.351661
3/22/2019,4022.987019
3/23/2019,4034.259349
3/24/2019,4018.867881
3/25/2019,3966.1506
3/26/2019,3980.897673
3/27/2019,4063.539593
3/28/2019,4054.310649
3/29/2019,4135.675333
3/30/2019,4135.122088
3/31/2019,4127.509825
4/1/2019,4165.151899
4/2/2019,4894.685207
4/3/2019,4972.857842
4/4/2019,4938.724682
4/5/2019,5058.280161
4/6/2019,5083.976728
4/7/2019,5217.038242
4/8/2019,5294.317453
4/9/2019,5199.632539
4/10/2019,5310.835108
4/11/2019,5054.561029
4/12/2019,5082.4337
4/13/2019,5088.980465
4/14/2019,5172.643238
4/15/2019,5053.595193
4/16/2019,5204.817867
4/17/2019,5233.326094
4/18/2019,5297.788267
4/19/2019,5299.68295
4/20/2019,5329.244962
4/21/2019,5304.253519
4/22/2019,5387.336888
4/23/2019,5545.186323
4/24/2019,5461.50778
4/25/2019,5214.82526
4/26/2019,5335.599044
4/27/2019,5358.089705
4/28/2019,5339.066611
4/29/2019,5378.474707
4/30/2019,5479.035375
5/1/2019,5493.924425
5/2/2019,5639.092681
5/3/2019,5907.396764
5/4/2019,5917.653172
5/5/2019,5955.613961
5/6/2019,5903.430739
5/7/2019,6015.537223
5/8/2019,6093.367876
5/9/2019,6198.40781
5/10/2019,6389.078029
5/11/2019,7109.678283
5/12/2019,6956.96791
5/13/2019,7782.47631
5/14/2019,7980.266693
5/15/2019,8129.428984
5/16/2019,7876.418265
5/17/2019,7369.834426
5/18/2019,7290.112103
5/19/2019,8148.25936
5/20/2019,7960.080881
5/21/2019,7938.49499
5/22/2019,7688.925445
5/23/2019,7852.314264
5/24/2019,8011.38244
5/25/2019,8049.971337
5/26/2019,8605.887561
5/27/2019,8799.777407
5/28/2019,8728.716897
5/29/2019,8681.813215
5/30/2019,8360.793719
5/31/2019,8507.938048
6/1/2019,8558.242878
6/2/2019,8726.448271
6/3/2019,8204.675435
6/4/2019,7747.565948
6/5/2019,7774.085608
6/6/2019,7799.495988
6/7/2019,7992.901196
6/8/2019,7947.582467
6/9/2019,7677.713931
6/10/2019,8003.008621
6/11/2019,7892.078049
6/12/2019,8170.355397
6/13/2019,8217.197076
6/14/2019,8639.149783
6/15/2019,8835.481001
6/16/2019,9030.324219
6/17/2019,9312.884365
6/18/2019,9087.334948
6/19/2019,9251.508755
6/20/2019,9516.440538
6/21/2019,10127.30948
6/22/2019,10751.41642
6/23/2019,10854.18661
6/24/2019,11011.46662
6/25/2019,11678.25946
6/26/2019,12948.73095
6/27/2019,11598.45986
6/28/2019,12518.17109
6/29/2019,11955.31126
6/30/2019,10890.05719
7/1/2019,10613.41096
7/2/2019,10826.55848
7/3/2019,11857.78186
7/4/2019,11314.32355
7/5/2019,11088.34098
7/6/2019,11365.37149
7/7/2019,11431.342
7/8/2019,12185.51814
7/9/2019,12510.22666
7/10/2019,12159.44497
7/11/2019,11404.58609
7/12/2019,11718.35583
7/13/2019,11360.93158
7/14/2019,10275.51579
7/15/2019,10765.44871
7/16/2019,9657.865944
7/17/2019,9703.527986
7/18/2019,10593.96959
7/19/2019,10503.79971
7/20/2019,10731.88752
7/21/2019,10547.2256
7/22/2019,10313.24396
7/23/2019,9887.093616
7/24/2019,9803.185268
7/25/2019,9914.159601
7/26/2019,9831.474632
7/27/2019,9466.63405
7/28/2019,9527.780599
7/29/2019,9493.967604
7/30/2019,9590.479025
7/31/2019,10084.97211
8/1/2019,10342.59743
8/2/2019,10527.95525
8/3/2019,10796.77172
8/4/2019,10951.20279
8/5/2019,11794.59586
8/6/2019,11512.38071
8/7/2019,11879.66416
8/8/2019,11914.77095
8/9/2019,11851.46871
8/10/2019,11331.74862
8/11/2019,11510.4663
8/12/2019,11371.1
8/13/2019,10901.646
8/14/2019,10137.48898
8/15/2019,10265.32183
8/16/2019,10362.92288
8/17/2019,10254.31135
8/18/2019,10346.74164
8/19/2019,10869.33417
8/20/2019,10753.72881
8/21/2019,10113.57973
8/22/2019,10107.7703
8/23/2019,10388.73147
8/24/2019,10109.78565
8/25/2019,10121.18459
8/26/2019,10359.31633
8/27/2019,10200.2098
8/28/2019,9816.842206
8/29/2019,9505.0428
8/30/2019,9599.250305
8/31/2019,9609.551315
9/1/2019,9720.453764
9/2/2019,10270.20235
9/3/2019,10628.6534
9/4/2019,10530.61274
9/5/2019,10565.34867
9/6/2019,10430.52363
9/7/2019,10488.63368
9/8/2019,10403.82249
9/9/2019,10315.51445
9/10/2019,10132.43219
9/11/2019,10105.85266
9/12/2019,10392.48645
9/13/2019,10351.28452
9/14/2019,10365.42539
9/15/2019,10319.2377
9/16/2019,10260.63929
9/17/2019,10215.39492
9/18/2019,10153.77885
9/19/2019,10188.84507
9/20/2019,10182.27278
9/21/2019,10006.11131
9/22/2019,10026.6903
9/23/2019,9738.003195
9/24/2019,8701.54697
9/25/2019,8428.143481
9/26/2019,8060.781185
9/27/2019,8143.484655
9/28/2019,8194.309551
9/29/2019,8042.612833
9/30/2019,8315.146329
10/1/2019,8333.527573
10/2/2019,8362.966051
10/3/2019,8217.46017
10/4/2019,8160.914887
10/5/2019,8131.978474
10/6/2019,7920.498466
10/7/2019,8209.57987
10/8/2019,8192.181917
10/9/2019,8580.145816
10/10/2019,8575.206587
10/11/2019,8307.388018
10/12/2019,8324.020967
10/13/2019,8325.638291
10/14/2019,8317.47159
10/15/2019,8228.102795
10/16/2019,7992.866656
10/17/2019,8078.682961
10/18/2019,7960.639372
10/19/2019,7988.841519
10/20/2019,8173.311803
10/21/2019,8213.716095
10/22/2019,8119.057981
10/23/2019,7486.383074
10/24/2019,7447.101066
10/25/2019,8564.213624
10/26/2019,9248.413636
10/27/2019,9545.50239
10/28/2019,9295.022346
10/29/2019,9408.291832
10/30/2019,9153.986551
10/31/2019,9197.748189
11/1/2019,9200.891111
11/2/2019,9331.036636
11/3/2019,9206.299868
11/4/2019,9381.099674
11/5/2019,9348.00931
11/6/2019,9338.705803
11/7/2019,9206.827426
11/8/2019,8795.176451
11/9/2019,8720.71383
11/10/2019,8877.311533
11/11/2019,8642.534966
11/12/2019,8688.082499
11/13/2019,8679.515872
11/14/2019,8561.244956
11/15/2019,8477.649316
11/16/2019,8508.708489
11/17/2019,8512.875868
11/18/2019,8272.871342
11/19/2019,8322.34198
11/20/2019,8306.625506
11/21/2019,7815.654266
11/22/2019,7255.489216
11/23/2019,7526.582379
11/24/2019,6854.989538
11/25/2019,7089.009819
11/26/2019,7353.233612
11/27/2019,7664.536266
11/28/2019,7728.529477
11/29/2019,8002.691226
11/30/2019,7777.982402
12/1/2019,7587.035899
12/2/2019,7530.667784
12/3/2019,7535.849886
12/4/2019,7205.453679
12/5/2019,7298.042959
12/6/2019,7466.559307
12/7/2019,7526.913616
12/8/2019,7447.749059
12/9/2019,7298.748567
12/10/2019,7459.526591
12/11/2019,7209.103523
12/12/2019,7206.020327
12/13/2019,7480.081766
12/14/2019,7084.248693
12/15/2019,7047.766873
12/16/2019,7170.169064
12/17/2019,6850.198161
12/18/2019,7320.155469
12/19/2019,7372.817317
12/20/2019,7396.933575
12/21/2019,7360.349427
12/22/2019,7612.285525
12/23/2019,7654.808613
12/24/2019,7344.045933
12/25/2019,7577.637437
12/26/2019,7599.339988
12/27/2019,7257.676202
12/28/2019,7318.822609
12/29/2019,7781.291193
12/30/2019,7642.181421
12/31/2019,7055.977176
1/1/2020,7593.134601
1/2/2020,7402.660214
1/3/2020,7342.039167
1/4/2020,7350.163505
1/5/2020,7549.953196
1/6/2020,8410.985089
1/7/2020,8687.000588
1/8/2020,8164.883411
1/9/2020,7876.96901
1/10/2020,8620.52727
1/11/2020,8347.742031
1/12/2020,8456.71182
1/13/2020,8485.900885
1/14/2020,8871.294873
1/15/2020,8801.34663
1/16/2020,8033.533169
1/17/2020,9161.687984
1/18/2020,9181.108197
1/19/2020,8950.883468
1/20/2020,8637.770886
1/21/2020,9276.616868
1/22/2020,8941.904229
1/23/2020,8658.76405
1/24/2020,8361.766854
1/25/2020,8902.848722
1/26/2020,8831.97447
1/27/2020,9460.363372
1/28/2020,9186.297178
1/29/2020,9685.447619
1/30/2020,9457.251418
1/31/2020,9539.162243
2/1/2020,9562.730775
2/2/2020,9648.619916
2/3/2020,9289.172873
2/4/2020,9796.054002
2/5/2020,10085.55345
2/6/2020,10287.40727
2/7/2020,9796.698848
2/8/2020,9843.364312
2/9/2020,10123.9137
2/10/2020,9939.129583
2/11/2020,10294.14056
2/12/2020,10444.32868
2/13/2020,10355.30984
2/14/2020,10475.47177
2/15/2020,10061.97512
2/16/2020,10045.65762
2/17/2020,9822.378163
2/18/2020,10307.61779
2/19/2020,9890.955229
2/20/2020,9771.796201
2/21/2020,9815.732807
2/22/2020,9806.593665
2/23/2020,10099.62445
2/24/2020,9769.28848
2/25/2020,9431.697222
2/26/2020,8927.804195
2/27/2020,8797.931434
2/28/2020,8695.845486
3/1/2020,8781.557225
3/2/2020,8913.786959
3/3/2020,8842.917169
3/4/2020,8741.095869
3/5/2020,9324.600231
3/6/2020,9325.351757
3/7/2020,9118.380909
3/8/2020,8113.078155
3/9/2020,8028.349882
3/10/2020,7900.136879
3/11/2020,7772.724249
3/12/2020,5111.633264
3/13/2020,5580.841562
3/14/2020,5245.407391
3/15/2020,5411.241695
3/16/2020,5115.791318
3/17/2020,5382.154968
3/18/2020,5386.050759
3/19/2020,6189.373342
3/20/2020,6342.322589
3/21/2020,6227.92147
3/22/2020,5995.288221
3/23/2020,6464.224858
3/24/2020,6725.196265
3/25/2020,6753.276141
3/26/2020,6729.055643
3/27/2020,6450.765297
3/28/2020,6278.888703
3/29/2020,5988.940811
3/30/2020,6471.725738
3/31/2020,6514.816691
4/1/2020,6667.484885
4/2/2020,6971.216475
4/3/2020,6952.431257
4/4/2020,7032.705613
4/5/2020,6956.990078
4/6/2020,7458.2648
4/7/2020,7329.661792
4/8/2020,7483.945116
4/9/2020,7418.097559
4/10/2020,7005.311262
4/11/2020,7025.960493
4/12/2020,7112.177971
4/13/2020,6960.003606
4/14/2020,6947.311604
4/15/2020,6817.55358
4/16/2020,7037.787279
4/17/2020,7039.305369
4/18/2020,7253.687643
4/19/2020,7113.410101
4/20/2020,6849.348318
4/21/2020,6850.560287
4/22/2020,7154.883299
4/23/2020,7498.833986
4/24/2020,7510.302374
4/25/2020,7555.389209
4/26/2020,7680.826841
4/27/2020,7764.518683
4/28/2020,7786.195889
4/29/2020,8653.748789
4/30/2020,8579.322466
5/1/2020,8648.421354
5/2/2020,8791.450703
5/3/2020,8725.256687
5/4/2020,8770.69109
5/5/2020,8959.178883
5/6/2020,9190.122425
5/7/2020,9818.386488
5/8/2020,9780.421236
5/9/2020,9461.49927
5/10/2020,8687.862252
5/11/2020,8652.774031
5/12/2020,8844.675783
5/13/2020,9308.911579
5/14/2020,9742.973715
5/15/2020,9349.212589
5/16/2020,9377.396739
5/17/2020,9692.617425
5/18/2020,9643.48321
5/19/2020,9620.042516
5/20/2020,9390.761003
5/21/2020,8988.87086
5/22/2020,9151.063057
5/23/2020,9186.175115
5/24/2020,8842.825948
5/25/2020,8890.31743
5/26/2020,8801.206543
5/27/2020,9145.716953
5/28/2020,9344.936396
5/29/2020,9197.050405
5/30/2020,9366.863175
5/31/2020,9170.7569
6/1/2020,9535.894405
6/2/2020,9453.845549
6/3/2020,9490.968419
6/4/2020,9564.041765
6/5/2020,9480.349608
6/6/2020,9487.232888
6/7/2020,9476.802717
6/8/2020,9568.229109
6/9/2020,9652.09996
6/10/2020,9755.674576
6/11/2020,9298.682665
6/12/2020,9529.279051
6/13/2020,9507.937111
6/14/2020,9401.501594
6/15/2020,9408.225149
6/16/2020,9693.02937
6/17/2020,9515.866282
6/18/2020,9465.30598
6/19/2020,9424.059877
6/20/2020,9437.246322
6/21/2020,9410.441491
6/22/2020,9650.388841
6/23/2020,9609.541075
6/24/2020,9292.935034
6/25/2020,9303.209574
6/26/2020,9243.689435
6/27/2020,9144.162869
6/28/2020,9216.485666
6/29/2020,9217.025312
6/30/2020,9209.798882
7/1/2020,9273.903291
7/2/2020,9145.458303
7/3/2020,9126.916273
7/4/2020,9162.79133
7/5/2020,9135.45786
7/6/2020,9314.245133
7/7/2020,9295.261862
7/8/2020,9400.277095
7/9/2020,9242.036883
7/10/2020,9059.330636
7/11/2020,9015.732436
7/12/2020,9285.17079
7/13/2020,9207.886239
7/14/2020,9169.800608
7/15/2020,9197.145516
7/16/2020,9161.95149
7/17/2020,9158.621546
7/18/2020,9180.793444
7/19/2020,9200.391283
7/20/2020,9155.026765
7/21/2020,9303.877334
7/22/2020,9428.298336
7/23/2020,9601.605948
7/24/2020,9678.642778
7/25/2020,9699.193192
7/26/2020,9923.112126
7/27/2020,10980.44956
7/28/2020,11088.05658
7/29/2020,11343.79455
7/30/2020,11109.61851
7/31/2020,11353.47823
8/1/2020,11978.74981
8/2/2020,11142.00252
8/3/2020,11361.29968
8/4/2020,11293.27334
8/5/2020,11715.7857
8/6/2020,11776.70798
8/7/2020,11710.71743
8/8/2020,11845.10367
8/9/2020,11793.68071
8/10/2020,12021.63597
8/11/2020,11557.42356
8/12/2020,11642.38732
8/13/2020,11743.09567
8/14/2020,11812.8112
8/15/2020,11849.90315
8/16/2020,12038.96917
8/17/2020,12177.52606
8/18/2020,11879.99801
8/19/2020,11792.60112
8/20/2020,11865.14662
8/21/2020,11600.74234
8/22/2020,11731.48096
8/23/2020,11713.44365
8/24/2020,11776.96704
8/25/2020,11359.0263
8/26/2020,11471.67308
8/27/2020,11347.94778
8/28/2020,11538.33486
8/29/2020,11482.71093
8/30/2020,11685.52029
8/31/2020,11670.62656
9/1/2020,11970.72527
9/2/2020,11369.65175
9/3/2020,10288.99942
9/4/2020,10495.38436
9/5/2020,10188.4172
9/6/2020,10263.00213
9/7/2020,10369.69754
9/8/2020,10194.672
9/9/2020,10264.65201
9/10/2020,10408.17722
9/11/2020,10422.24255
9/12/2020,10467.73826
9/13/2020,10367.46539
9/14/2020,10688.95501
9/15/2020,10838.76381
9/16/2020,11018.15277
9/17/2020,10908.45765
9/18/2020,11088.31256
9/19/2020,11087.10178
9/20/2020,10894.30971
9/21/2020,10477.8453
9/22/2020,10598.45127
9/23/2020,10354.43068
9/24/2020,10932.41742
9/25/2020,10742.7571
9/26/2020,10790.0704
9/27/2020,10801.08174
9/28/2020,10735.16977
9/29/2020,10827.48783
9/30/2020,10784.41102
10/1/2020,10633.16796
10/2/2020,10666.21663
10/3/2020,10583.8201
10/4/2020,10930.64823
10/5/2020,10891.8527
10/6/2020,10777.93779
10/7/2020,10693.81771
10/8/2020,10941.21297
10/9/2020,11039.80112
10/10/2020,11223.62856
10/11/2020,11353.33602
10/12/2020,11544.84492
10/13/2020,11513.24922
10/14/2020,11572.51541
10/15/2020,11530.07267
10/16/2020,11367.14202
10/17/2020,11395.47711
10/18/2020,11612.78053
10/19/2020,11944.73492
10/20/2020,11967.63346
10/21/2020,12774.13965
10/22/2020,12992.81469
10/23/2020,13054.00909
10/24/2020,13137.69952
10/25/2020,13215.29627
10/26/2020,13234.82684
10/27/2020,13697.68692
10/28/2020,13353.59883
10/29/2020,13544.34025
10/30/2020,13636.35028
10/31/2020,13893.46573
11/1/2020,13672.47167
11/2/2020,13587.55175
11/3/2020,13997.26986
11/4/2020,14384.86835
11/5/2020,15532.46926
11/6/2020,15551.75542
11/7/2020,15000.66458
11/8/2020,15640.93645
11/9/2020,15304.4918
11/10/2020,15328.95815
11/11/2020,15756.51569
11/12/2020,16293.70501
11/13/2020,16307.00175
11/14/2020,16087.95617
11/15/2020,16012.7598
11/16/2020,16983.78669
11/17/2020,17655.95965
11/18/2020,17855.73193
11/19/2020,17920.15768
11/20/2020,18680.64837
11/21/2020,18742.333
11/22/2020,18438.09413
11/23/2020,18560.15968
11/24/2020,19171.7722
11/25/2020,18542.80425
11/26/2020,17111.87031
11/27/2020,16948.69021
11/28/2020,17694.83184
11/29/2020,18237.22198
11/30/2020,19531.16868
12/1/2020,19109.43172
12/2/2020,19075.539
12/3/2020,19396.90996
12/4/2020,18804.90762
12/5/2020,19471.59309
12/6/2020,19356.78456
12/7/2020,19229.94358
12/8/2020,18494.30714
12/9/2020,18544.84656
12/10/2020,18228.84204
12/11/2020,17995.51426
12/12/2020,18709.53682
12/13/2020,19150.5022
12/14/2020,19232.25219
12/15/2020,19541.17168
12/16/2020,21453.98069
12/17/2020,22710.03845
12/18/2020,23009.45894
12/19/2020,23921.33639
12/20/2020,23581.0565
12/21/2020,22768.80523
12/22/2020,23758.26466
12/23/2020,23269.0056
12/24/2020,23704.46302
12/25/2020,24626.51322
12/26/2020,26408.75473
12/27/2020,26801.59386
12/28/2020,26918.34898
12/29/2020,27154.96851
12/30/2020,28581.15611
12/31/2020,28986.00604
1/1/2021,29602.67126
1/2/2021,31732.66806
1/3/2021,32036.86464
1/4/2021,32006.14351
1/5/2021,33662.25677
1/6/2021,36653.40711
1/7/2021,39449.01926
1/8/2021,40694.50694
1/9/2021,40346.05998
1/10/2021,37596.03049
1/11/2021,34965.46813
1/12/2021,34635.92296
1/13/2021,37021.97319
1/14/2021,40069.04236
1/15/2021,36777.26313
1/16/2021,36195.48304
1/17/2021,35821.97124
1/18/2021,36625.32989
1/19/2021,36045.96013
1/20/2021,35134.15908
1/21/2021,31015.4552
1/22/2021,32861.49332
1/23/2021,32067.99236
1/24/2021,32365.74421
1/25/2021,32519.16745
1/26/2021,32300.22243
1/27/2021,30473.42173
1/28/2021,33569.64972
1/29/2021,34557.16103
1/30/2021,34241.92632
1/31/2021,33099.05749
