Date, Close,NDAQ_Change,NDAQ_pct_Change
2013-02-01,3179.1,0,0
2013-02-04,3131.17,-47.93,-0.015076594
2013-02-05,3171.58,40.41,0.012905719
2013-02-06,3168.48,-3.1,-0.000977431
2013-02-07,3165.13,-3.35,-0.001057289
2013-02-08,3193.87,28.74,0.009080196
2013-02-11,3192,-1.87,-0.000585497
2013-02-12,3186.49,-5.51,-0.00172619
2013-02-13,3196.88,10.39,0.003260641
2013-02-14,3198.66,1.78,0.000556793
2013-02-15,3192.03,-6.63,-0.002072743
2013-02-19,3213.59,21.56,0.006754322
2013-02-20,3164.41,-49.18,-0.015303757
2013-02-21,3131.49,-32.92,-0.010403203
2013-02-22,3161.82,30.33,0.009685485
2013-02-25,3116.25,-45.57,-0.014412585
2013-02-26,3129.65,13.4,0.00430004
2013-02-27,3162.26,32.61,0.010419695
2013-02-28,3160.19,-2.07,-0.000654595
2013-03-01,3169.74,9.55,0.00302197
2013-03-04,3182.03,12.29,0.00387729
2013-03-05,3224.13,42.1,0.013230548
2013-03-06,3222.37,-1.76,-0.000545884
2013-03-07,3232.09,9.72,0.003016413
2013-03-08,3244.37,12.28,0.003799399
2013-03-11,3252.87,8.5,0.002619923
2013-03-12,3242.32,-10.55,-0.00324329
2013-03-13,3245.12,2.8,0.000863579
2013-03-14,3258.93,13.81,0.004255621
2013-03-15,3249.07,-9.86,-0.003025533
2013-03-18,3237.59,-11.48,-0.003533319
2013-03-19,3229.1,-8.49,-0.002622321
2013-03-20,3254.19,25.09,0.007769967
2013-03-21,3222.6,-31.59,-0.009707485
2013-03-22,3245,22.4,0.006950909
2013-03-25,3235.3,-9.7,-0.002989214
2013-03-26,3252.48,17.18,0.005310172
2013-03-27,3256.52,4.04,0.001242129
2013-03-28,3267.52,11,0.003377839
2013-04-01,3239.17,-28.35,-0.008676305
2013-04-02,3254.86,15.69,0.004843833
2013-04-03,3218.6,-36.26,-0.011140264
2013-04-04,3224.98,6.38,0.001982228
2013-04-05,3203.86,-21.12,-0.006548878
2013-04-08,3222.25,18.39,0.005739951
2013-04-09,3237.86,15.61,0.004844441
2013-04-10,3297.25,59.39,0.018342362
2013-04-11,3300.16,2.91,0.000882554
2013-04-12,3294.95,-5.21,-0.001578711
2013-04-15,3216.49,-78.46,-0.023812197
2013-04-16,3264.63,48.14,0.014966625
2013-04-17,3204.67,-59.96,-0.018366553
2013-04-18,3166.36,-38.31,-0.011954429
2013-04-19,3206.06,39.7,0.012538056
2013-04-22,3233.55,27.49,0.008574387
2013-04-23,3269.33,35.78,0.011065238
2013-04-24,3269.65,0.32,9.78794E-05
2013-04-25,3289.99,20.34,0.006220849
2013-04-26,3279.26,-10.73,-0.003261408
2013-04-29,3307.02,27.76,0.008465324
2013-04-30,3328.79,21.77,0.006582966
2013-05-01,3299.13,-29.66,-0.008910145
2013-05-02,3340.62,41.49,0.012576043
2013-05-03,3378.63,38.01,0.011378127
2013-05-06,3392.97,14.34,0.004244324
2013-05-07,3396.63,3.66,0.001078701
2013-05-08,3413.27,16.64,0.004898973
2013-05-09,3409.17,-4.1,-0.001201194
2013-05-10,3436.58,27.41,0.00804008
2013-05-13,3438.79,2.21,0.000643081
2013-05-14,3462.61,23.82,0.006926855
2013-05-15,3471.62,9.01,0.002602083
2013-05-16,3465.24,-6.38,-0.001837759
2013-05-17,3498.97,33.73,0.009733814
2013-05-20,3496.43,-2.54,-0.000725928
2013-05-21,3502.12,5.69,0.001627374
2013-05-22,3463.3,-38.82,-0.011084714
2013-05-23,3459.42,-3.88,-0.001120319
2013-05-24,3459.14,-0.28,-8.09384E-05
2013-05-28,3488.89,29.75,0.008600404
2013-05-29,3467.52,-21.37,-0.006125157
2013-05-30,3491.3,23.78,0.006857927
2013-05-31,3455.91,-35.39,-0.010136625
2013-06-03,3465.37,9.46,0.00273734
2013-06-04,3445.26,-20.11,-0.005803132
2013-06-05,3401.48,-43.78,-0.012707314
2013-06-06,3424.05,22.57,0.006635347
2013-06-07,3469.22,45.17,0.01319198
2013-06-10,3473.77,4.55,0.001311534
2013-06-11,3436.95,-36.82,-0.010599435
2013-06-12,3400.43,-36.52,-0.0106257
2013-06-13,3445.37,44.94,0.013215976
2013-06-14,3423.56,-21.81,-0.006330234
2013-06-17,3452.13,28.57,0.008345114
2013-06-18,3482.18,30.05,0.008704771
2013-06-19,3443.2,-38.98,-0.011194137
2013-06-20,3364.63,-78.57,-0.022818889
2013-06-21,3357.25,-7.38,-0.002193406
2013-06-24,3320.76,-36.49,-0.010869015
2013-06-25,3347.89,27.13,0.008169817
2013-06-26,3376.22,28.33,0.008462046
2013-06-27,3401.86,25.64,0.007594292
2013-06-28,3403.25,1.39,0.0004086
2013-07-01,3434.49,31.24,0.009179461
2013-07-02,3433.4,-1.09,-0.000317369
2013-07-03,3443.67,10.27,0.002991204
2013-07-05,3479.38,35.71,0.010369751
2013-07-08,3484.83,5.45,0.001566371
2013-07-09,3504.26,19.43,0.005575595
2013-07-10,3520.76,16.5,0.004708555
2013-07-11,3578.3,57.54,0.016343062
2013-07-12,3600.08,21.78,0.006086689
2013-07-15,3607.49,7.41,0.002058288
2013-07-16,3598.5,-8.99,-0.002492037
2013-07-17,3610,11.5,0.003195776
2013-07-18,3611.28,1.28,0.000354571
2013-07-19,3587.61,-23.67,-0.006554463
2013-07-22,3600.39,12.78,0.00356226
2013-07-23,3579.27,-21.12,-0.005866031
2013-07-24,3579.6,0.33,9.21976E-05
2013-07-25,3605.19,25.59,0.007148843
2013-07-26,3613.16,7.97,0.002210702
2013-07-29,3599.14,-14.02,-0.00388026
2013-07-30,3616.47,17.33,0.004815039
2013-07-31,3626.37,9.9,0.002737476
2013-08-01,3675.74,49.37,0.013614165
2013-08-02,3689.59,13.85,0.003767949
2013-08-05,3692.95,3.36,0.00091067
2013-08-06,3665.77,-27.18,-0.00735997
2013-08-07,3654.01,-11.76,-0.003208057
2013-08-08,3669.12,15.11,0.004135183
2013-08-09,3660.11,-9.01,-0.00245563
2013-08-12,3669.95,9.84,0.002688444
2013-08-13,3684.44,14.49,0.003948283
2013-08-14,3669.27,-15.17,-0.004117315
2013-08-15,3606.12,-63.15,-0.017210508
2013-08-16,3602.78,-3.34,-0.000926203
2013-08-19,3589.09,-13.69,-0.003799843
2013-08-20,3613.59,24.5,0.006826243
2013-08-21,3599.79,-13.8,-0.003818917
2013-08-22,3638.71,38.92,0.010811742
2013-08-23,3657.79,19.08,0.005243617
2013-08-26,3657.57,-0.22,-6.01456E-05
2013-08-27,3578.52,-79.05,-0.02161271
2013-08-28,3593.35,14.83,0.004144171
2013-08-29,3620.3,26.95,0.007499965
2013-08-30,3589.87,-30.43,-0.008405381
2013-09-03,3612.61,22.74,0.006334491
2013-09-04,3649.04,36.43,0.010084122
2013-09-05,3658.78,9.74,0.002669195
2013-09-06,3660.01,1.23,0.000336178
2013-09-09,3706.18,46.17,0.01261472
2013-09-10,3729.02,22.84,0.00616268
2013-09-11,3725.01,-4.01,-0.00107535
2013-09-12,3715.97,-9.04,-0.002426839
2013-09-13,3722.18,6.21,0.001671165
2013-09-16,3717.85,-4.33,-0.001163297
2013-09-17,3745.7,27.85,0.007490889
2013-09-18,3783.64,37.94,0.010128948
2013-09-19,3789.38,5.74,0.001517058
2013-09-20,3774.73,-14.65,-0.003866068
2013-09-23,3765.29,-9.44,-0.002500841
2013-09-24,3768.25,2.96,0.000786128
2013-09-25,3761.1,-7.15,-0.001897432
2013-09-26,3787.43,26.33,0.007000612
2013-09-27,3781.59,-5.84,-0.001541943
2013-09-30,3771.48,-10.11,-0.002673479
2013-10-01,3817.98,46.5,0.012329377
2013-10-02,3815.02,-2.96,-0.000775279
2013-10-03,3774.34,-40.68,-0.010663116
2013-10-04,3807.75,33.41,0.008851879
2013-10-07,3770.38,-37.37,-0.009814195
2013-10-08,3694.83,-75.55,-0.020037768
2013-10-09,3677.78,-17.05,-0.004614556
2013-10-10,3760.75,82.97,0.022559805
2013-10-11,3791.87,31.12,0.008274945
2013-10-14,3815.27,23.4,0.006171098
2013-10-15,3794.01,-21.26,-0.005572345
2013-10-16,3839.43,45.42,0.011971502
2013-10-17,3863.15,23.72,0.006178
2013-10-18,3914.28,51.13,0.013235313
2013-10-21,3920.05,5.77,0.00147409
2013-10-22,3929.57,9.52,0.00242854
2013-10-23,3907.07,-22.5,-0.005725817
2013-10-24,3928.96,21.89,0.005602664
2013-10-25,3943.36,14.4,0.003665092
2013-10-28,3940.13,-3.23,-0.000819098
2013-10-29,3952.34,12.21,0.003098883
2013-10-30,3930.62,-21.72,-0.005495479
2013-10-31,3919.71,-10.91,-0.002775644
2013-11-01,3922.04,2.33,0.000594432
2013-11-04,3936.59,14.55,0.003709804
2013-11-05,3939.86,3.27,0.000830668
2013-11-06,3931.95,-7.91,-0.002007686
2013-11-07,3857.33,-74.62,-0.018977861
2013-11-08,3919.23,61.9,0.01604737
2013-11-11,3919.79,0.56,0.000142885
2013-11-12,3919.92,0.13,3.3165E-05
2013-11-13,3965.58,45.66,0.011648197
2013-11-14,3972.74,7.16,0.001805537
2013-11-15,3985.97,13.23,0.003330195
2013-11-18,3949.07,-36.9,-0.009257471
2013-11-19,3931.55,-17.52,-0.004436488
2013-11-20,3921.27,-10.28,-0.002614745
2013-11-21,3969.15,47.88,0.01221033
2013-11-22,3991.65,22.5,0.00566872
2013-11-25,3994.57,2.92,0.000731527
2013-11-26,4017.75,23.18,0.005802877
2013-11-27,4044.75,27,0.006720179
2013-11-29,4059.89,15.14,0.003743124
2013-12-02,4045.26,-14.63,-0.003603546
2013-12-03,4037.2,-8.06,-0.001992455
2013-12-04,4038,0.8,0.000198157
2013-12-05,4033.16,-4.84,-0.001198613
2013-12-06,4062.52,29.36,0.007279652
2013-12-09,4068.75,6.23,0.001533531
2013-12-10,4060.49,-8.26,-0.002030108
2013-12-11,4003.81,-56.68,-0.013958906
2013-12-12,3998.4,-5.41,-0.001351213
2013-12-13,4000.98,2.58,0.000645258
2013-12-16,4029.52,28.54,0.007133252
2013-12-17,4023.68,-5.84,-0.001449304
2013-12-18,4070.06,46.38,0.011526762
2013-12-19,4058.13,-11.93,-0.002931161
2013-12-20,4104.74,46.61,0.011485586
2013-12-23,4148.9,44.16,0.010758294
2013-12-24,4155.42,6.52,0.001571501
2013-12-26,4167.18,11.76,0.002830039
2013-12-27,4156.59,-10.59,-0.002541287
2013-12-30,4154.2,-2.39,-0.000574991
2013-12-31,4176.59,22.39,0.005389726
2014-01-02,4143.07,-33.52,-0.008025686
2014-01-03,4131.91,-11.16,-0.002693655
2014-01-06,4113.68,-18.23,-0.004412003
2014-01-07,4153.18,39.5,0.009602108
2014-01-08,4165.61,12.43,0.002992887
2014-01-09,4156.19,-9.42,-0.002261373
2014-01-10,4174.66,18.47,0.004443974
2014-01-13,4113.3,-61.36,-0.014698203
2014-01-14,4183.02,69.72,0.016949894
2014-01-15,4214.88,31.86,0.007616507
2014-01-16,4218.69,3.81,0.00090394
2014-01-17,4197.58,-21.11,-0.005003923
2014-01-21,4225.76,28.18,0.006713392
2014-01-22,4243,17.24,0.00407974
2014-01-23,4218.87,-24.13,-0.005687014
2014-01-24,4128.17,-90.7,-0.021498648
2014-01-27,4083.61,-44.56,-0.010794129
2014-01-28,4097.96,14.35,0.003514048
2014-01-29,4051.43,-46.53,-0.01135443
2014-01-30,4123.13,71.7,0.017697455
2014-01-31,4103.88,-19.25,-0.004668783
2014-02-03,3996.96,-106.92,-0.026053393
2014-02-04,4031.52,34.56,0.008646571
2014-02-05,4011.55,-19.97,-0.004953467
2014-02-06,4057.12,45.57,0.011359699
2014-02-07,4125.86,68.74,0.016943053
2014-02-10,4148.17,22.31,0.005407357
2014-02-11,4191.04,42.87,0.010334678
2014-02-12,4201.29,10.25,0.002445694
2014-02-13,4240.67,39.38,0.009373312
2014-02-14,4244.03,3.36,0.000792328
2014-02-18,4272.78,28.75,0.006774222
2014-02-19,4237.95,-34.83,-0.008151602
2014-02-20,4267.55,29.6,0.006984509
2014-02-21,4263.41,-4.14,-0.000970112
2014-02-24,4292.97,29.56,0.006933417
2014-02-25,4287.59,-5.38,-0.001253212
2014-02-26,4292.06,4.47,0.001042544
2014-02-27,4318.93,26.87,0.006260397
2014-02-28,4308.12,-10.81,-0.002502935
2014-03-03,4277.3,-30.82,-0.007153933
2014-03-04,4351.97,74.67,0.017457274
2014-03-05,4357.97,6,0.001378686
2014-03-06,4352.13,-5.84,-0.001340073
2014-03-07,4336.22,-15.91,-0.003655681
2014-03-10,4334.45,-1.77,-0.00040819
2014-03-11,4307.19,-27.26,-0.006289149
2014-03-12,4323.33,16.14,0.003747223
2014-03-13,4260.42,-62.91,-0.014551283
2014-03-14,4245.4,-15.02,-0.003525474
2014-03-17,4279.95,34.55,0.00813822
2014-03-18,4333.31,53.36,0.012467435
2014-03-19,4307.6,-25.71,-0.005933109
2014-03-20,4319.29,11.69,0.002713808
2014-03-21,4276.79,-42.5,-0.00983958
2014-03-24,4226.39,-50.4,-0.011784539
2014-03-25,4234.27,7.88,0.001864475
2014-03-26,4173.58,-60.69,-0.014333049
2014-03-27,4151.23,-22.35,-0.005355115
2014-03-28,4155.76,4.53,0.001091243
2014-03-31,4198.99,43.23,0.010402429
2014-04-01,4268.04,69.05,0.016444431
2014-04-02,4276.46,8.42,0.001972803
2014-04-03,4237.74,-38.72,-0.009054218
2014-04-04,4127.73,-110.01,-0.025959592
2014-04-07,4079.75,-47.98,-0.011623822
2014-04-08,4112.99,33.24,0.008147558
2014-04-09,4183.9,70.91,0.017240499
2014-04-10,4054.11,-129.79,-0.031021296
2014-04-11,3999.73,-54.38,-0.013413548
2014-04-14,4022.69,22.96,0.005740387
2014-04-15,4034.16,11.47,0.002851326
2014-04-16,4086.23,52.07,0.012907272
2014-04-17,4095.52,9.29,0.002273489
2014-04-21,4121.55,26.03,0.006355725
2014-04-22,4161.46,39.91,0.00968325
2014-04-23,4126.97,-34.49,-0.008287957
2014-04-24,4148.34,21.37,0.005178133
2014-04-25,4075.56,-72.78,-0.017544367
2014-04-28,4074.4,-1.16,-0.000284623
2014-04-29,4103.54,29.14,0.007151973
2014-04-30,4114.56,11.02,0.002685486
2014-05-01,4127.45,12.89,0.003132777
2014-05-02,4123.9,-3.55,-0.000860095
2014-05-05,4138.06,14.16,0.003433643
2014-05-06,4080.76,-57.3,-0.013847068
2014-05-07,4067.67,-13.09,-0.003207736
2014-05-08,4051.5,-16.17,-0.003975249
2014-05-09,4071.87,20.37,0.005027767
2014-05-12,4143.86,71.99,0.017679838
2014-05-13,4130.17,-13.69,-0.003303683
2014-05-14,4100.63,-29.54,-0.007152248
2014-05-15,4069.29,-31.34,-0.007642728
2014-05-16,4090.59,21.3,0.005234328
2014-05-19,4125.82,35.23,0.00861245
2014-05-20,4096.89,-28.93,-0.007011939
2014-05-21,4131.54,34.65,0.008457635
2014-05-22,4154.34,22.8,0.005518523
2014-05-23,4185.81,31.47,0.007575211
2014-05-27,4237.07,51.26,0.012246136
2014-05-28,4225.07,-12,-0.002832146
2014-05-29,4247.95,22.88,0.005415295
2014-05-30,4242.62,-5.33,-0.001254723
2014-06-02,4237.2,-5.42,-0.001277512
2014-06-03,4234.08,-3.12,-0.000736335
2014-06-04,4251.64,17.56,0.0041473
2014-06-05,4296.23,44.59,0.010487718
2014-06-06,4321.4,25.17,0.005858625
2014-06-09,4336.24,14.84,0.003434072
2014-06-10,4338,1.76,0.000405882
2014-06-11,4331.93,-6.07,-0.001399262
2014-06-12,4297.63,-34.3,-0.007917949
2014-06-13,4310.65,13.02,0.003029577
2014-06-16,4321.11,10.46,0.002426548
2014-06-17,4337.23,16.12,0.003730523
2014-06-18,4362.84,25.61,0.00590469
2014-06-19,4359.33,-3.51,-0.000804522
2014-06-20,4368.04,8.71,0.001998013
2014-06-23,4368.68,0.64,0.000146519
2014-06-24,4350.36,-18.32,-0.004193486
2014-06-25,4379.76,29.4,0.006758061
2014-06-26,4379.05,-0.71,-0.000162109
2014-06-27,4397.93,18.88,0.004311437
2014-06-30,4408.18,10.25,0.002330642
2014-07-01,4458.65,50.47,0.011449169
2014-07-02,4457.73,-0.92,-0.00020634
2014-07-03,4485.93,28.2,0.00632609
2014-07-07,4451.53,-34.4,-0.007668421
2014-07-08,4391.46,-60.07,-0.013494237
2014-07-09,4419.03,27.57,0.006278094
2014-07-10,4396.2,-22.83,-0.005166292
2014-07-11,4415.49,19.29,0.00438788
2014-07-14,4440.42,24.93,0.005646032
2014-07-15,4416.39,-24.03,-0.00541165
2014-07-16,4425.97,9.58,0.002169192
2014-07-17,4363.45,-62.52,-0.014125717
2014-07-18,4432.15,68.7,0.015744422
2014-07-21,4424.7,-7.45,-0.0016809
2014-07-22,4456.02,31.32,0.007078446
2014-07-23,4473.7,17.68,0.003967666
2014-07-24,4472.11,-1.59,-0.000355411
2014-07-25,4449.56,-22.55,-0.005042363
2014-07-28,4444.91,-4.65,-0.001045047
2014-07-29,4442.7,-2.21,-0.000497198
2014-07-30,4462.9,20.2,0.004546785
2014-07-31,4369.77,-93.13,-0.020867597
2014-08-01,4352.64,-17.13,-0.003920115
2014-08-04,4383.89,31.25,0.007179551
2014-08-05,4352.84,-31.05,-0.007082751
2014-08-06,4355.05,2.21,0.000507715
2014-08-07,4334.97,-20.08,-0.004610739
2014-08-08,4370.9,35.93,0.008288408
2014-08-11,4401.33,30.43,0.006961953
2014-08-12,4389.25,-12.08,-0.002744625
2014-08-13,4434.13,44.88,0.010224981
2014-08-14,4453,18.87,0.004255626
2014-08-15,4464.93,11.93,0.002679093
2014-08-18,4508.31,43.38,0.009715718
2014-08-19,4527.51,19.2,0.004258802
2014-08-20,4526.48,-1.03,-0.000227498
2014-08-21,4532.1,5.62,0.001241583
2014-08-22,4538.55,6.45,0.001423181
2014-08-25,4557.35,18.8,0.004142292
2014-08-26,4570.64,13.29,0.002916168
2014-08-27,4569.62,-1.02,-0.000223163
2014-08-28,4557.69,-11.93,-0.00261072
2014-08-29,4580.27,22.58,0.004954264
2014-09-02,4598.19,17.92,0.003912433
2014-09-03,4572.57,-25.62,-0.005571758
2014-09-04,4562.29,-10.28,-0.002248189
2014-09-05,4582.9,20.61,0.004517468
2014-09-08,4592.29,9.39,0.002048921
2014-09-09,4552.29,-40,-0.008710251
2014-09-10,4586.52,34.23,0.007519292
2014-09-11,4591.81,5.29,0.00115338
2014-09-12,4567.6,-24.21,-0.005272431
2014-09-15,4518.9,-48.7,-0.010662054
2014-09-16,4552.76,33.86,0.007492974
2014-09-17,4562.19,9.43,0.002071271
2014-09-18,4593.43,31.24,0.006847589
2014-09-19,4579.79,-13.64,-0.002969459
2014-09-22,4527.69,-52.1,-0.011376067
2014-09-23,4508.69,-19,-0.0041964
2014-09-24,4555.22,46.53,0.010320071
2014-09-25,4466.75,-88.47,-0.019421674
2014-09-26,4512.19,45.44,0.010172945
2014-09-29,4505.85,-6.34,-0.001405083
2014-09-30,4493.39,-12.46,-0.002765294
2014-10-01,4422.09,-71.3,-0.015867752
2014-10-02,4430.19,8.1,0.001831713
2014-10-03,4475.62,45.43,0.010254639
2014-10-06,4454.8,-20.82,-0.004651869
2014-10-07,4385.2,-69.6,-0.015623597
2014-10-08,4468.59,83.39,0.019016236
2014-10-09,4378.34,-90.25,-0.020196527
2014-10-10,4276.24,-102.1,-0.02331934
2014-10-13,4213.66,-62.58,-0.014634352
2014-10-14,4227.17,13.51,0.003206239
2014-10-15,4215.32,-11.85,-0.002803294
2014-10-16,4217.39,2.07,0.000491066
2014-10-17,4258.44,41.05,0.009733508
2014-10-20,4316.07,57.63,0.013533125
2014-10-21,4419.48,103.41,0.023959296
2014-10-22,4382.85,-36.63,-0.008288305
2014-10-23,4452.79,69.94,0.015957653
2014-10-24,4483.72,30.93,0.006946207
2014-10-27,4485.93,2.21,0.000492894
2014-10-28,4564.29,78.36,0.01746795
2014-10-29,4549.23,-15.06,-0.003299527
2014-10-30,4566.14,16.91,0.003717113
2014-10-31,4630.74,64.6,0.014147617
2014-11-03,4638.91,8.17,0.001764297
2014-11-04,4623.64,-15.27,-0.003291722
2014-11-05,4620.72,-2.92,-0.000631537
2014-11-06,4638.47,17.75,0.003841393
2014-11-07,4632.53,-5.94,-0.001280595
2014-11-10,4651.62,19.09,0.004120858
2014-11-11,4660.56,8.94,0.001921911
2014-11-12,4675.13,14.57,0.003126234
2014-11-13,4680.14,5.01,0.001071628
2014-11-14,4688.54,8.4,0.001794818
2014-11-17,4671,-17.54,-0.003741037
2014-11-18,4702.44,31.44,0.006730893
2014-11-19,4675.71,-26.73,-0.005684283
2014-11-20,4701.87,26.16,0.005594872
2014-11-21,4712.97,11.1,0.002360763
2014-11-24,4754.89,41.92,0.008894604
2014-11-25,4758.25,3.36,0.000706641
2014-11-26,4787.32,29.07,0.006109389
2014-11-28,4791.63,4.31,0.000900295
2014-12-01,4727.35,-64.28,-0.013415059
2014-12-02,4755.81,28.46,0.006020286
2014-12-03,4774.47,18.66,0.003923622
2014-12-04,4769.44,-5.03,-0.00105352
2014-12-05,4780.76,11.32,0.002373444
2014-12-08,4740.69,-40.07,-0.008381513
2014-12-09,4766.47,25.78,0.005438027
2014-12-10,4684.03,-82.44,-0.017295818
2014-12-11,4708.16,24.13,0.005151547
2014-12-12,4653.6,-54.56,-0.011588391
2014-12-15,4605.16,-48.44,-0.010409146
2014-12-16,4547.83,-57.33,-0.012449079
2014-12-17,4644.31,96.48,0.021214513
2014-12-18,4748.4,104.09,0.022412371
2014-12-19,4765.38,16.98,0.003575941
2014-12-22,4781.42,16.04,0.003365944
2014-12-23,4765.42,-16,-0.003346286
2014-12-24,4773.47,8.05,0.001689253
2014-12-26,4806.86,33.39,0.006994911
2014-12-29,4806.91,0.05,1.04018E-05
2014-12-30,4777.44,-29.47,-0.006130758
2014-12-31,4736.05,-41.39,-0.008663636
2015-01-02,4726.81,-9.24,-0.001950993
2015-01-05,4652.57,-74.24,-0.015706153
2015-01-06,4592.74,-59.83,-0.012859559
2015-01-07,4650.47,57.73,0.012569838
2015-01-08,4736.19,85.72,0.018432546
2015-01-09,4704.07,-32.12,-0.006781823
2015-01-12,4664.71,-39.36,-0.008367222
2015-01-13,4661.5,-3.21,-0.000688146
2015-01-14,4639.32,-22.18,-0.004758125
2015-01-15,4570.82,-68.5,-0.014765095
2015-01-16,4634.38,63.56,0.013905601
2015-01-20,4654.85,20.47,0.004416988
2015-01-21,4667.42,12.57,0.002700409
2015-01-22,4750.4,82.98,0.017778559
2015-01-23,4757.88,7.48,0.001574604
2015-01-26,4771.76,13.88,0.002917266
2015-01-27,4681.5,-90.26,-0.018915453
2015-01-28,4637.99,-43.51,-0.00929403
2015-01-29,4683.41,45.42,0.009793035
2015-01-30,4635.24,-48.17,-0.010285241
2015-02-02,4676.69,41.45,0.008942363
2015-02-03,4727.74,51.05,0.01091584
2015-02-04,4716.7,-11.04,-0.002335154
2015-02-05,4765.1,48.4,0.010261412
2015-02-06,4744.4,-20.7,-0.004344085
2015-02-09,4726.01,-18.39,-0.003876149
2015-02-10,4787.64,61.63,0.013040599
2015-02-11,4801.18,13.54,0.002828116
2015-02-12,4857.61,56.43,0.011753361
2015-02-13,4893.84,36.23,0.0074584
2015-02-17,4899.27,5.43,0.001109558
2015-02-18,4906.36,7.09,0.001447154
2015-02-19,4924.7,18.34,0.003738005
2015-02-20,4955.97,31.27,0.006349625
2015-02-23,4960.97,5,0.001008884
2015-02-24,4968.12,7.15,0.00144125
2015-02-25,4967.14,-0.98,-0.000197258
2015-02-26,4987.89,20.75,0.004177454
2015-02-27,4963.53,-24.36,-0.004883829
2015-03-02,5008.1,44.57,0.008979496
2015-03-03,4979.9,-28.2,-0.005630878
2015-03-04,4967.14,-12.76,-0.0025623
2015-03-05,4982.81,15.67,0.003154733
2015-03-06,4927.37,-55.44,-0.011126252
2015-03-09,4942.44,15.07,0.003058427
2015-03-10,4859.79,-82.65,-0.01672251
2015-03-11,4849.94,-9.85,-0.002026837
2015-03-12,4893.29,43.35,0.008938255
2015-03-13,4871.76,-21.53,-0.004399903
2015-03-16,4929.51,57.75,0.011854032
2015-03-17,4937.43,7.92,0.001606651
2015-03-18,4982.83,45.4,0.009195067
2015-03-19,4992.38,9.55,0.001916582
2015-03-20,5026.42,34.04,0.006818391
2015-03-23,5010.97,-15.45,-0.003073758
2015-03-24,4994.73,-16.24,-0.003240889
2015-03-25,4876.52,-118.21,-0.023666945
2015-03-26,4863.36,-13.16,-0.002698646
2015-03-27,4891.22,27.86,0.00572855
2015-03-30,4947.44,56.22,0.011494065
2015-03-31,4900.88,-46.56,-0.009410928
2015-04-01,4880.23,-20.65,-0.004213529
2015-04-02,4886.94,6.71,0.001374935
2015-04-06,4917.32,30.38,0.006216569
2015-04-07,4910.23,-7.09,-0.001441842
2015-04-08,4950.82,40.59,0.008266415
2015-04-09,4974.56,23.74,0.004795165
2015-04-10,4995.98,21.42,0.004305908
2015-04-13,4988.25,-7.73,-0.001547244
2015-04-14,4977.29,-10.96,-0.002197163
2015-04-15,5011.02,33.73,0.00677678
2015-04-16,5007.79,-3.23,-0.000644579
2015-04-17,4931.81,-75.98,-0.015172361
2015-04-20,4994.6,62.79,0.012731634
2015-04-21,5014.1,19.5,0.003904217
2015-04-22,5035.17,21.07,0.00420215
2015-04-23,5056.06,20.89,0.004148817
2015-04-24,5092.08,36.02,0.007124124
2015-04-27,5060.25,-31.83,-0.006250884
2015-04-28,5055.42,-4.83,-0.000954498
2015-04-29,5023.64,-31.78,-0.006286322
2015-04-30,4941.42,-82.22,-0.016366619
2015-05-01,5005.39,63.97,0.012945671
2015-05-04,5016.93,11.54,0.002305515
2015-05-05,4939.33,-77.6,-0.015467627
2015-05-06,4919.64,-19.69,-0.003986371
2015-05-07,4945.54,25.9,0.005264613
2015-05-08,5003.55,58.01,0.011729761
2015-05-11,4993.57,-9.98,-0.001994584
2015-05-12,4976.19,-17.38,-0.003480476
2015-05-13,4981.69,5.5,0.001105263
2015-05-14,5050.8,69.11,0.013872802
2015-05-15,5048.29,-2.51,-0.000496951
2015-05-18,5078.44,30.15,0.005972319
2015-05-19,5070.03,-8.41,-0.00165602
2015-05-20,5071.74,1.71,0.000337276
2015-05-21,5090.79,19.05,0.003756107
2015-05-22,5089.36,-1.43,-0.000280899
2015-05-26,5032.75,-56.61,-0.011123206
2015-05-27,5106.59,73.84,0.014671899
2015-05-28,5097.98,-8.61,-0.001686057
2015-05-29,5070.03,-27.95,-0.005482564
2015-06-01,5082.93,12.9,0.002544364
2015-06-02,5076.52,-6.41,-0.001261084
2015-06-03,5099.23,22.71,0.004473537
2015-06-04,5059.12,-40.11,-0.007865893
2015-06-05,5068.46,9.34,0.001846171
2015-06-08,5021.63,-46.83,-0.009239493
2015-06-09,5013.87,-7.76,-0.001545315
2015-06-10,5076.69,62.82,0.012529244
2015-06-11,5082.51,5.82,0.001146416
2015-06-12,5051.1,-31.41,-0.006180017
2015-06-15,5029.97,-21.13,-0.004183247
2015-06-16,5055.55,25.58,0.005085517
2015-06-17,5064.88,9.33,0.001845497
2015-06-18,5132.95,68.07,0.013439608
2015-06-19,5117,-15.95,-0.003107375
2015-06-22,5153.97,36.97,0.007224936
2015-06-23,5160.09,6.12,0.001187434
2015-06-24,5122.41,-37.68,-0.007302198
2015-06-25,5112.19,-10.22,-0.001995155
2015-06-26,5080.51,-31.68,-0.006196953
2015-06-29,4958.47,-122.04,-0.02402121
2015-06-30,4986.87,28.4,0.005727573
2015-07-01,5013.12,26.25,0.005263823
2015-07-02,5009.21,-3.91,-0.000779953
2015-07-06,4991.94,-17.27,-0.003447649
2015-07-07,4997.46,5.52,0.001105783
2015-07-08,4909.76,-87.7,-0.017548915
2015-07-09,4922.4,12.64,0.002574464
2015-07-10,4997.7,75.3,0.015297416
2015-07-13,5071.51,73.81,0.014768794
2015-07-14,5104.89,33.38,0.006581866
2015-07-15,5098.94,-5.95,-0.001165549
2015-07-16,5163.18,64.24,0.012598697
2015-07-17,5210.14,46.96,0.00909517
2015-07-20,5218.86,8.72,0.001673659
2015-07-21,5208.12,-10.74,-0.002057921
2015-07-22,5171.77,-36.35,-0.006979486
2015-07-23,5146.41,-25.36,-0.004903544
2015-07-24,5088.63,-57.78,-0.011227244
2015-07-27,5039.78,-48.85,-0.009599833
2015-07-28,5089.21,49.43,0.009807968
2015-07-29,5111.73,22.52,0.004425048
2015-07-30,5128.78,17.05,0.003335466
2015-07-31,5128.28,-0.5,-9.74891E-05
2015-08-03,5115.38,-12.9,-0.002515463
2015-08-04,5105.55,-9.83,-0.001921656
2015-08-05,5139.94,34.39,0.006735807
2015-08-06,5056.44,-83.5,-0.016245326
2015-08-07,5043.54,-12.9,-0.002551202
2015-08-10,5101.8,58.26,0.01155141
2015-08-11,5036.79,-65.01,-0.012742561
2015-08-12,5044.39,7.6,0.001508898
2015-08-13,5033.56,-10.83,-0.002146939
2015-08-14,5048.24,14.68,0.002916425
2015-08-17,5091.7,43.46,0.008608941
2015-08-18,5059.35,-32.35,-0.006353477
2015-08-19,5019.05,-40.3,-0.00796545
2015-08-20,4877.49,-141.56,-0.028204541
2015-08-21,4706.04,-171.45,-0.035151277
2015-08-24,4526.25,-179.79,-0.038204095
2015-08-25,4506.49,-19.76,-0.004365645
2015-08-26,4697.54,191.05,0.042394413
2015-08-27,4812.71,115.17,0.024517088
2015-08-28,4828.32,15.61,0.003243495
2015-08-31,4776.51,-51.81,-0.01073044
2015-09-01,4636.1,-140.41,-0.02939594
2015-09-02,4749.98,113.88,0.02456375
2015-09-03,4733.5,-16.48,-0.003469488
2015-09-04,4683.92,-49.58,-0.010474279
2015-09-08,4811.93,128.01,0.027329673
2015-09-09,4756.53,-55.4,-0.011513052
2015-09-10,4796.25,39.72,0.008350625
2015-09-11,4822.34,26.09,0.005439666
2015-09-14,4805.76,-16.58,-0.003438165
2015-09-15,4860.52,54.76,0.01139466
2015-09-16,4889.24,28.72,0.005908833
2015-09-17,4893.95,4.71,0.00096334
2015-09-18,4827.23,-66.72,-0.013633159
2015-09-21,4828.95,1.72,0.000356312
2015-09-22,4756.72,-72.23,-0.014957703
2015-09-23,4752.74,-3.98,-0.000836711
2015-09-24,4734.48,-18.26,-0.003841994
2015-09-25,4686.5,-47.98,-0.010134165
2015-09-28,4543.97,-142.53,-0.030412888
2015-09-29,4517.32,-26.65,-0.005864915
2015-09-30,4620.16,102.84,0.022765711
2015-10-01,4627.08,6.92,0.001497784
2015-10-02,4707.78,80.7,0.017440805
2015-10-05,4781.26,73.48,0.015608206
2015-10-06,4748.36,-32.9,-0.006881031
2015-10-07,4791.15,42.79,0.009011532
2015-10-08,4810.79,19.64,0.004099225
2015-10-09,4830.47,19.68,0.004090804
2015-10-12,4838.64,8.17,0.001691347
2015-10-13,4796.61,-42.03,-0.008686325
2015-10-14,4782.85,-13.76,-0.002868693
2015-10-15,4870.1,87.25,0.018242261
2015-10-16,4886.69,16.59,0.003406501
2015-10-19,4905.47,18.78,0.003843092
2015-10-20,4880.97,-24.5,-0.004994425
2015-10-21,4840.12,-40.85,-0.008369238
2015-10-22,4920.05,79.93,0.016514053
2015-10-23,5031.86,111.81,0.022725379
2015-10-26,5034.7,2.84,0.000564404
2015-10-27,5030.15,-4.55,-0.000903728
2015-10-28,5095.69,65.54,0.013029433
2015-10-29,5074.27,-21.42,-0.004203552
2015-10-30,5053.75,-20.52,-0.004043931
2015-11-02,5127.15,73.4,0.014523868
2015-11-03,5145.13,17.98,0.003506822
2015-11-04,5142.48,-2.65,-0.00051505
2015-11-05,5127.74,-14.74,-0.002866321
2015-11-06,5147.12,19.38,0.003779443
2015-11-09,5095.3,-51.82,-0.010067766
2015-11-10,5083.24,-12.06,-0.002366887
2015-11-11,5067.02,-16.22,-0.003190878
2015-11-12,5005.08,-61.94,-0.012224148
2015-11-13,4927.88,-77.2,-0.015424329
2015-11-16,4984.62,56.74,0.011514079
2015-11-17,4986.01,1.39,0.000278858
2015-11-18,5075.2,89.19,0.017888051
2015-11-19,5073.64,-1.56,-0.000307377
2015-11-20,5104.92,31.28,0.006165199
2015-11-23,5102.48,-2.44,-0.00047797
2015-11-24,5102.81,0.33,6.46744E-05
2015-11-25,5116.14,13.33,0.002612286
2015-11-27,5127.52,11.38,0.002224333
2015-11-30,5108.67,-18.85,-0.003676241
2015-12-01,5156.31,47.64,0.009325323
2015-12-02,5123.22,-33.09,-0.00641738
2015-12-03,5037.53,-85.69,-0.016725809
2015-12-04,5142.27,104.74,0.020791936
2015-12-07,5101.81,-40.46,-0.00786812
2015-12-08,5098.24,-3.57,-0.000699752
2015-12-09,5022.87,-75.37,-0.014783533
2015-12-10,5045.17,22.3,0.004439693
2015-12-11,4933.47,-111.7,-0.022139987
2015-12-14,4952.23,18.76,0.003802597
2015-12-15,4995.36,43.13,0.008709208
2015-12-16,5071.13,75.77,0.015168076
2015-12-17,5002.55,-68.58,-0.013523613
2015-12-18,4923.08,-79.47,-0.015885898
2015-12-21,4968.92,45.84,0.009311244
2015-12-22,5001.11,32.19,0.006478269
2015-12-23,5045.93,44.82,0.00896201
2015-12-24,5048.49,2.56,0.00050734
2015-12-28,5040.99,-7.5,-0.001485593
2015-12-29,5107.94,66.95,0.013281121
2015-12-30,5065.85,-42.09,-0.008240112
2015-12-31,5007.41,-58.44,-0.01153607
2016-01-04,4903.09,-104.32,-0.020833125
2016-01-05,4891.43,-11.66,-0.002378092
2016-01-06,4835.76,-55.67,-0.01138113
2016-01-07,4689.43,-146.33,-0.03025998
2016-01-08,4643.63,-45.8,-0.009766645
2016-01-11,4637.99,-5.64,-0.001214567
2016-01-12,4685.92,47.93,0.010334218
2016-01-13,4526.06,-159.86,-0.034114966
2016-01-14,4615,88.94,0.019650645
2016-01-15,4488.42,-126.58,-0.027427952
2016-01-19,4476.95,-11.47,-0.002555465
2016-01-20,4471.69,-5.26,-0.001174907
2016-01-21,4472.06,0.37,8.27428E-05
2016-01-22,4591.18,119.12,0.026636494
2016-01-25,4518.49,-72.69,-0.015832531
2016-01-26,4567.67,49.18,0.010884167
2016-01-27,4468.17,-99.5,-0.021783535
2016-01-28,4506.68,38.51,0.008618741
2016-01-29,4613.95,107.27,0.023802444
2016-02-01,4620.37,6.42,0.001391433
2016-02-02,4516.95,-103.42,-0.022383489
2016-02-03,4504.24,-12.71,-0.002813846
2016-02-04,4509.56,5.32,0.001181109
2016-02-05,4363.14,-146.42,-0.0324688
2016-02-08,4283.75,-79.39,-0.018195611
2016-02-09,4268.76,-14.99,-0.00349927
2016-02-10,4283.59,14.83,0.003474077
2016-02-11,4266.84,-16.75,-0.003910272
2016-02-12,4337.51,70.67,0.016562608
2016-02-16,4435.96,98.45,0.022697354
2016-02-17,4534.06,98.1,0.022114717
2016-02-18,4487.54,-46.52,-0.01026012
2016-02-19,4504.43,16.89,0.003763755
2016-02-22,4570.61,66.18,0.014692203
2016-02-23,4503.58,-67.03,-0.014665439
2016-02-24,4542.61,39.03,0.008666439
2016-02-25,4582.2,39.59,0.008715254
2016-02-26,4590.47,8.27,0.00180481
2016-02-29,4557.95,-32.52,-0.007084242
2016-03-01,4689.6,131.65,0.028883599
2016-03-02,4703.42,13.82,0.002946946
2016-03-03,4707.42,4,0.000850445
2016-03-04,4717.02,9.6,0.002039334
2016-03-07,4708.25,-8.77,-0.001859225
2016-03-08,4648.82,-59.43,-0.012622524
2016-03-09,4674.38,25.56,0.005498169
2016-03-10,4662.16,-12.22,-0.00261425
2016-03-11,4748.47,86.31,0.018512878
2016-03-14,4750.28,1.81,0.000381175
2016-03-15,4728.67,-21.61,-0.004549206
2016-03-16,4763.97,35.3,0.007465101
2016-03-17,4774.99,11.02,0.002313197
2016-03-18,4795.65,20.66,0.004326711
2016-03-21,4808.87,13.22,0.002756665
2016-03-22,4821.66,12.79,0.002659668
2016-03-23,4768.86,-52.8,-0.010950585
2016-03-24,4773.5,4.64,0.000972979
2016-03-28,4766.79,-6.71,-0.001405677
2016-03-29,4846.62,79.83,0.016747119
2016-03-30,4869.29,22.67,0.004677487
2016-03-31,4869.85,0.56,0.000115006
2016-04-01,4914.54,44.69,0.009176874
2016-04-04,4891.8,-22.74,-0.004627086
2016-04-05,4843.93,-47.87,-0.009785764
2016-04-06,4920.72,76.79,0.01585283
2016-04-07,4848.37,-72.35,-0.014703133
2016-04-08,4850.69,2.32,0.000478511
2016-04-11,4833.4,-17.29,-0.003564441
2016-04-12,4872.09,38.69,0.008004717
2016-04-13,4947.42,75.33,0.015461537
2016-04-14,4945.89,-1.53,-0.000309252
2016-04-15,4938.22,-7.67,-0.001550783
2016-04-18,4960.02,21.8,0.004414546
2016-04-19,4940.33,-19.69,-0.003969742
2016-04-20,4948.13,7.8,0.001578842
2016-04-21,4945.89,-2.24,-0.000452696
2016-04-22,4906.23,-39.66,-0.008018779
2016-04-25,4895.79,-10.44,-0.002127907
2016-04-26,4888.28,-7.51,-0.001533971
2016-04-27,4863.14,-25.14,-0.005142913
2016-04-28,4805.29,-57.85,-0.011895607
2016-04-29,4775.36,-29.93,-0.006228552
2016-05-02,4817.59,42.23,0.008843312
2016-05-03,4763.22,-54.37,-0.011285726
2016-05-04,4725.64,-37.58,-0.007889621
2016-05-05,4717.09,-8.55,-0.001809279
2016-05-06,4736.16,19.07,0.004042747
2016-05-09,4750.21,14.05,0.002966538
2016-05-10,4809.88,59.67,0.01256155
2016-05-11,4760.69,-49.19,-0.010226866
2016-05-12,4737.33,-23.36,-0.004906852
2016-05-13,4717.68,-19.65,-0.004147906
2016-05-16,4775.46,57.78,0.012247545
2016-05-17,4715.73,-59.73,-0.012507696
2016-05-18,4739.12,23.39,0.004959996
2016-05-19,4712.53,-26.59,-0.005610746
2016-05-20,4769.56,57.03,0.01210178
2016-05-23,4765.78,-3.78,-0.000792526
2016-05-24,4861.06,95.28,0.01999253
2016-05-25,4894.89,33.83,0.006959387
2016-05-26,4901.77,6.88,0.001405547
2016-05-27,4933.5,31.73,0.006473172
2016-05-31,4948.05,14.55,0.002949225
2016-06-01,4952.25,4.2,0.000848819
2016-06-02,4971.36,19.11,0.003858852
2016-06-03,4942.52,-28.84,-0.005801229
2016-06-06,4968.71,26.19,0.005298916
2016-06-07,4961.75,-6.96,-0.001400766
2016-06-08,4974.64,12.89,0.002597874
2016-06-09,4958.62,-16.02,-0.003220334
2016-06-10,4894.55,-64.07,-0.012920934
2016-06-13,4848.44,-46.11,-0.009420682
2016-06-14,4843.55,-4.89,-0.001008572
2016-06-15,4834.93,-8.62,-0.001779686
2016-06-16,4844.91,9.98,0.002064146
2016-06-17,4800.34,-44.57,-0.009199345
2016-06-20,4837.21,36.87,0.007680706
2016-06-21,4843.76,6.55,0.001354086
2016-06-22,4833.32,-10.44,-0.00215535
2016-06-23,4910.04,76.72,0.015873147
2016-06-24,4707.98,-202.06,-0.041152414
2016-06-27,4594.44,-113.54,-0.0241165
2016-06-28,4691.87,97.43,0.021206066
2016-06-29,4779.25,87.38,0.018623704
2016-06-30,4842.67,63.42,0.013269865
2016-07-01,4862.57,19.9,0.004109303
2016-07-05,4822.9,-39.67,-0.008158237
2016-07-06,4859.16,36.26,0.007518298
2016-07-07,4876.81,17.65,0.003632315
2016-07-08,4956.76,79.95,0.016393913
2016-07-11,4988.64,31.88,0.006431621
2016-07-12,5022.82,34.18,0.006851567
2016-07-13,5005.73,-17.09,-0.003402471
2016-07-14,5034.06,28.33,0.005659514
2016-07-15,5029.59,-4.47,-0.000887951
2016-07-18,5055.78,26.19,0.005207184
2016-07-19,5036.37,-19.41,-0.00383917
2016-07-20,5089.93,53.56,0.010634644
2016-07-21,5073.9,-16.03,-0.003149356
2016-07-22,5100.16,26.26,0.005175506
2016-07-25,5097.63,-2.53,-0.000496063
2016-07-26,5110.05,12.42,0.002436426
2016-07-27,5139.81,29.76,0.005823818
2016-07-28,5154.98,15.17,0.002951471
2016-07-29,5162.13,7.15,0.001387008
2016-08-01,5184.2,22.07,0.004275367
2016-08-02,5137.73,-46.47,-0.008963775
2016-08-03,5159.74,22.01,0.004283993
2016-08-04,5166.25,6.51,0.001261691
2016-08-05,5221.12,54.87,0.010620857
2016-08-08,5213.14,-7.98,-0.001528408
2016-08-09,5225.48,12.34,0.002367095
2016-08-10,5204.58,-20.9,-0.003999633
2016-08-11,5228.4,23.82,0.004576738
2016-08-12,5232.89,4.49,0.000858771
2016-08-15,5262.02,29.13,0.005566714
2016-08-16,5227.11,-34.91,-0.006634334
2016-08-17,5228.66,1.55,0.000296531
2016-08-18,5240.15,11.49,0.002197504
2016-08-19,5238.38,-1.77,-0.000337777
2016-08-22,5244.6,6.22,0.00118739
2016-08-23,5260.08,15.48,0.002951607
2016-08-24,5217.69,-42.39,-0.008058813
2016-08-25,5212.2,-5.49,-0.00105219
2016-08-26,5218.92,6.72,0.001289283
2016-08-29,5232.33,13.41,0.002569497
2016-08-30,5222.99,-9.34,-0.001785056
2016-08-31,5213.22,-9.77,-0.001870576
2016-09-01,5227.21,13.99,0.002683562
2016-09-02,5249.9,22.69,0.004340748
2016-09-06,5275.91,26.01,0.00495438
2016-09-07,5283.93,8.02,0.001520117
2016-09-08,5259.48,-24.45,-0.004627238
2016-09-09,5125.91,-133.57,-0.025396047
2016-09-12,5211.89,85.98,0.016773607
2016-09-13,5155.25,-56.64,-0.010867459
2016-09-14,5173.77,18.52,0.003592454
2016-09-15,5249.69,75.92,0.014674019
2016-09-16,5244.57,-5.12,-0.000975296
2016-09-19,5235.03,-9.54,-0.001819024
2016-09-20,5241.35,6.32,0.001207252
2016-09-21,5295.18,53.83,0.010270255
2016-09-22,5339.52,44.34,0.008373653
2016-09-23,5305.75,-33.77,-0.006324539
2016-09-26,5257.49,-48.26,-0.009095792
2016-09-27,5305.71,48.22,0.009171677
2016-09-28,5318.55,12.84,0.002420034
2016-09-29,5269.15,-49.4,-0.009288246
2016-09-30,5312,42.85,0.008132241
2016-10-03,5300.87,-11.13,-0.002095256
2016-10-04,5289.66,-11.21,-0.002114747
2016-10-05,5316.02,26.36,0.004983307
2016-10-06,5306.85,-9.17,-0.001724975
2016-10-07,5292.4,-14.45,-0.002722896
2016-10-10,5328.67,36.27,0.006853223
2016-10-11,5246.79,-81.88,-0.015365936
2016-10-12,5239.02,-7.77,-0.001480905
2016-10-13,5213.33,-25.69,-0.004903589
2016-10-14,5214.16,0.83,0.000159207
2016-10-17,5199.82,-14.34,-0.002750203
2016-10-18,5243.84,44.02,0.008465678
2016-10-19,5246.41,2.57,0.000490099
2016-10-20,5241.83,-4.58,-0.000872978
2016-10-21,5257.4,15.57,0.002970337
2016-10-24,5309.83,52.43,0.00997261
2016-10-25,5283.4,-26.43,-0.00497756
2016-10-26,5250.27,-33.13,-0.006270583
2016-10-27,5215.97,-34.3,-0.006532997
2016-10-28,5190.1,-25.87,-0.004959768
2016-10-31,5189.13,-0.97,-0.000186894
2016-11-01,5153.58,-35.55,-0.006850859
2016-11-02,5105.57,-48.01,-0.009315854
2016-11-03,5058.41,-47.16,-0.009236971
2016-11-04,5046.37,-12.04,-0.002380195
2016-11-07,5166.17,119.8,0.023739837
2016-11-08,5193.49,27.32,0.00528825
2016-11-09,5251.07,57.58,0.011086957
2016-11-10,5208.8,-42.27,-0.008049788
2016-11-11,5237.11,28.31,0.005435033
2016-11-14,5218.4,-18.71,-0.003572581
2016-11-15,5275.62,57.22,0.010965047
2016-11-16,5294.58,18.96,0.00359389
2016-11-17,5333.97,39.39,0.007439684
2016-11-18,5321.51,-12.46,-0.002335971
2016-11-21,5368.86,47.35,0.00889785
2016-11-22,5386.35,17.49,0.003257675
2016-11-23,5380.68,-5.67,-0.001052661
2016-11-25,5398.92,18.24,0.003389906
2016-11-28,5368.81,-30.11,-0.005577041
2016-11-29,5379.92,11.11,0.00206936
2016-11-30,5323.68,-56.24,-0.010453687
2016-12-01,5251.11,-72.57,-0.013631548
2016-12-02,5255.65,4.54,0.000864579
2016-12-05,5308.89,53.24,0.010130051
2016-12-06,5333,24.11,0.004541439
2016-12-07,5393.76,60.76,0.011393212
2016-12-08,5417.36,23.6,0.004375426
2016-12-09,5444.5,27.14,0.00500982
2016-12-12,5412.54,-31.96,-0.005870144
2016-12-13,5463.83,51.29,0.009476142
2016-12-14,5436.67,-27.16,-0.004970872
2016-12-15,5456.85,20.18,0.003711831
2016-12-16,5437.16,-19.69,-0.003608309
2016-12-19,5457.44,20.28,0.003729888
2016-12-20,5483.94,26.5,0.004855757
2016-12-21,5471.43,-12.51,-0.002281207
2016-12-22,5447.42,-24.01,-0.00438825
2016-12-23,5462.69,15.27,0.002803162
2016-12-27,5487.44,24.75,0.004530735
2016-12-28,5438.56,-48.88,-0.008907614
2016-12-29,5432.09,-6.47,-0.001189653
2016-12-30,5383.12,-48.97,-0.009014946
2017-01-03,5429.08,45.96,0.0085378
2017-01-04,5477,47.92,0.008826542
2017-01-05,5487.94,10.94,0.001997444
2017-01-06,5521.06,33.12,0.006035051
2017-01-09,5531.82,10.76,0.001948901
2017-01-10,5551.82,20,0.003615447
2017-01-11,5563.65,11.83,0.002130833
2017-01-12,5547.49,-16.16,-0.002904568
2017-01-13,5574.12,26.63,0.004800369
2017-01-17,5538.73,-35.39,-0.006348984
2017-01-18,5555.65,16.92,0.003054852
2017-01-19,5540.08,-15.57,-0.002802552
2017-01-20,5555.33,15.25,0.002752668
2017-01-23,5552.94,-2.39,-0.000430217
2017-01-24,5600.96,48.02,0.008647671
2017-01-25,5656.34,55.38,0.009887591
2017-01-26,5655.18,-1.16,-0.00020508
2017-01-27,5660.78,5.6,0.000990243
2017-01-30,5613.71,-47.07,-0.008315109
2017-01-31,5614.79,1.08,0.000192386
2017-02-01,5642.65,27.86,0.004961895
2017-02-02,5636.2,-6.45,-0.00114308
2017-02-03,5666.77,30.57,0.005423867
2017-02-06,5663.55,-3.22,-0.000568225
2017-02-07,5674.22,10.67,0.001883977
2017-02-08,5682.45,8.23,0.00145042
2017-02-09,5715.18,32.73,0.00575984
2017-02-10,5734.13,18.95,0.003315731
2017-02-13,5763.96,29.83,0.005202184
2017-02-14,5782.57,18.61,0.003228683
2017-02-15,5819.44,36.87,0.006376058
2017-02-16,5814.9,-4.54,-0.000780144
2017-02-17,5838.58,23.68,0.004072297
2017-02-21,5865.95,27.37,0.004687784
2017-02-22,5860.63,-5.32,-0.000906929
2017-02-23,5835.51,-25.12,-0.004286229
2017-02-24,5845.31,9.8,0.001679373
2017-02-27,5861.9,16.59,0.002838173
2017-02-28,5825.44,-36.46,-0.006219826
2017-03-01,5904.03,78.59,0.013490826
2017-03-02,5861.22,-42.81,-0.007250979
2017-03-03,5870.75,9.53,0.001625941
2017-03-06,5849.17,-21.58,-0.003675851
2017-03-07,5833.93,-15.24,-0.002605498
2017-03-08,5837.55,3.62,0.000620508
2017-03-09,5838.81,1.26,0.000215844
2017-03-10,5861.73,22.92,0.003925457
2017-03-13,5875.78,14.05,0.002396903
2017-03-14,5856.82,-18.96,-0.003226806
2017-03-15,5900.05,43.23,0.007381139
2017-03-16,5900.76,0.71,0.000120338
2017-03-17,5901,0.24,4.06727E-05
2017-03-20,5901.53,0.53,8.98153E-05
2017-03-21,5793.83,-107.7,-0.018249505
2017-03-22,5821.64,27.81,0.004799934
2017-03-23,5817.69,-3.95,-0.000678503
2017-03-24,5828.74,11.05,0.001899379
2017-03-27,5840.37,11.63,0.001995285
2017-03-28,5875.14,34.77,0.00595339
2017-03-29,5897.55,22.41,0.003814377
2017-03-30,5914.34,16.79,0.002846945
2017-03-31,5911.74,-2.6,-0.000439609
2017-04-03,5894.68,-17.06,-0.002885783
2017-04-04,5898.61,3.93,0.000666703
2017-04-05,5864.48,-34.13,-0.005786109
2017-04-06,5878.95,14.47,0.002467397
2017-04-07,5877.81,-1.14,-0.000193912
2017-04-10,5880.93,3.12,0.00053081
2017-04-11,5866.77,-14.16,-0.002407782
2017-04-12,5836.16,-30.61,-0.005217522
2017-04-13,5805.15,-31.01,-0.005313425
2017-04-17,5856.79,51.64,0.00889555
2017-04-18,5849.47,-7.32,-0.001249831
2017-04-19,5863.03,13.56,0.002318159
2017-04-20,5916.78,53.75,0.009167615
2017-04-21,5910.52,-6.26,-0.001058008
2017-04-24,5983.82,73.3,0.012401616
2017-04-25,6025.49,41.67,0.006963779
2017-04-26,6025.23,-0.26,-4.315E-05
2017-04-27,6048.94,23.71,0.003935119
2017-04-28,6047.61,-1.33,-0.000219873
2017-05-01,6091.6,43.99,0.007273948
2017-05-02,6095.37,3.77,0.000618885
2017-05-03,6072.55,-22.82,-0.003743825
2017-05-04,6075.34,2.79,0.000459445
2017-05-05,6100.76,25.42,0.004184128
2017-05-08,6102.66,1.9,0.000311437
2017-05-09,6120.59,17.93,0.002938063
2017-05-10,6129.14,8.55,0.001396924
2017-05-11,6115.96,-13.18,-0.002150383
2017-05-12,6121.23,5.27,0.00086168
2017-05-15,6149.67,28.44,0.004646125
2017-05-16,6169.87,20.2,0.003284729
2017-05-17,6011.24,-158.63,-0.025710428
2017-05-18,6055.13,43.89,0.007301322
2017-05-19,6083.7,28.57,0.004718313
2017-05-22,6133.62,49.92,0.008205533
2017-05-23,6138.71,5.09,0.000829853
2017-05-24,6163.02,24.31,0.003960115
2017-05-25,6205.26,42.24,0.006853783
2017-05-26,6210.19,4.93,0.000794487
2017-05-30,6203.19,-7,-0.00112718
2017-05-31,6198.52,-4.67,-0.000752838
2017-06-01,6246.83,48.31,0.007793796
2017-06-02,6305.8,58.97,0.009439988
2017-06-05,6295.68,-10.12,-0.001604872
2017-06-06,6275.06,-20.62,-0.003275262
2017-06-07,6297.38,22.32,0.003556938
2017-06-08,6321.76,24.38,0.003871451
2017-06-09,6207.92,-113.84,-0.018007643
2017-06-12,6175.46,-32.46,-0.005228804
2017-06-13,6220.37,44.91,0.007272333
2017-06-14,6194.89,-25.48,-0.004096219
2017-06-15,6165.5,-29.39,-0.004744233
2017-06-16,6151.76,-13.74,-0.00222853
2017-06-19,6239.01,87.25,0.014182933
2017-06-20,6188.03,-50.98,-0.008171168
2017-06-21,6233.95,45.92,0.007420779
2017-06-22,6236.69,2.74,0.000439529
2017-06-23,6265.25,28.56,0.004579352
2017-06-26,6247.15,-18.1,-0.002888951
2017-06-27,6146.62,-100.53,-0.016092138
2017-06-28,6234.41,87.79,0.014282646
2017-06-29,6144.35,-90.06,-0.014445633
2017-06-30,6140.42,-3.93,-0.000639612
2017-07-03,6110.06,-30.36,-0.004944287
2017-07-05,6150.86,40.8,0.006677512
2017-07-06,6089.46,-61.4,-0.009982344
2017-07-07,6153.08,63.62,0.01044756
2017-07-10,6176.39,23.31,0.003788347
2017-07-11,6193.3,16.91,0.002737845
2017-07-12,6261.17,67.87,0.010958617
2017-07-13,6274.44,13.27,0.002119412
2017-07-14,6312.47,38.03,0.006061099
2017-07-17,6314.43,1.96,0.000310497
2017-07-18,6344.31,29.88,0.004732019
2017-07-19,6385.04,40.73,0.006419926
2017-07-20,6390,4.96,0.000776816
2017-07-21,6387.75,-2.25,-0.000352113
2017-07-24,6410.81,23.06,0.003610035
2017-07-25,6412.17,1.36,0.000212142
2017-07-26,6422.75,10.58,0.001649987
2017-07-27,6382.19,-40.56,-0.006315052
2017-07-28,6374.68,-7.51,-0.001176712
2017-07-31,6348.12,-26.56,-0.004166484
2017-08-01,6362.94,14.82,0.002334549
2017-08-02,6362.65,-0.29,-4.55764E-05
2017-08-03,6340.34,-22.31,-0.003506401
2017-08-04,6351.56,11.22,0.001769621
2017-08-07,6383.77,32.21,0.005071195
2017-08-08,6370.46,-13.31,-0.002084975
2017-08-09,6352.33,-18.13,-0.002845948
2017-08-10,6216.87,-135.46,-0.021324459
2017-08-11,6256.56,39.69,0.006384242
2017-08-14,6340.23,83.67,0.013373164
2017-08-15,6333.01,-7.22,-0.00113876
2017-08-16,6345.11,12.1,0.001910624
2017-08-17,6221.91,-123.2,-0.019416527
2017-08-18,6216.53,-5.38,-0.000864686
2017-08-21,6213.13,-3.4,-0.000546929
2017-08-22,6297.48,84.35,0.013576088
2017-08-23,6278.41,-19.07,-0.003028195
2017-08-24,6271.33,-7.08,-0.001127674
2017-08-25,6265.64,-5.69,-0.000907304
2017-08-28,6283.02,17.38,0.002773859
2017-08-29,6301.89,18.87,0.003003333
2017-08-30,6368.31,66.42,0.010539695
2017-08-31,6428.66,60.35,0.009476612
2017-09-01,6435.33,6.67,0.001037541
2017-09-05,6375.57,-59.76,-0.009286237
2017-09-06,6393.31,17.74,0.002782496
2017-09-07,6397.87,4.56,0.000713246
2017-09-08,6360.19,-37.68,-0.00588946
2017-09-11,6432.26,72.07,0.011331422
2017-09-12,6454.28,22.02,0.003423369
2017-09-13,6460.19,5.91,0.000915671
2017-09-14,6429.08,-31.11,-0.004815648
2017-09-15,6448.47,19.39,0.003015984
2017-09-18,6454.64,6.17,0.000956816
2017-09-19,6461.32,6.68,0.001034914
2017-09-20,6456.04,-5.28,-0.00081717
2017-09-21,6422.69,-33.35,-0.005165705
2017-09-22,6426.92,4.23,0.000658603
2017-09-25,6370.59,-56.33,-0.008764696
2017-09-26,6380.16,9.57,0.001502216
2017-09-27,6453.26,73.1,0.011457393
2017-09-28,6453.45,0.19,2.94425E-05
2017-09-29,6495.96,42.51,0.006587174
2017-10-02,6516.72,20.76,0.003195832
2017-10-03,6531.71,14.99,0.002300237
2017-10-04,6534.63,2.92,0.00044705
2017-10-05,6585.36,50.73,0.007763255
2017-10-06,6590.18,4.82,0.000731927
2017-10-09,6579.73,-10.45,-0.001585693
2017-10-10,6587.25,7.52,0.001142904
2017-10-11,6603.55,16.3,0.002474477
2017-10-12,6591.51,-12.04,-0.001823262
2017-10-13,6605.8,14.29,0.00216794
2017-10-16,6624,18.2,0.002755155
2017-10-17,6623.66,-0.34,-5.13285E-05
2017-10-18,6624.22,0.56,8.45454E-05
2017-10-19,6605.07,-19.15,-0.002890906
2017-10-20,6629.05,23.98,0.003630544
2017-10-23,6586.83,-42.22,-0.006368937
2017-10-24,6598.43,11.6,0.00176109
2017-10-25,6563.89,-34.54,-0.005234579
2017-10-26,6556.77,-7.12,-0.001084723
2017-10-27,6701.26,144.49,0.022036765
2017-10-30,6698.96,-2.3,-0.000343219
2017-10-31,6727.67,28.71,0.00428574
2017-11-01,6716.53,-11.14,-0.001655848
2017-11-02,6714.94,-1.59,-0.000236729
2017-11-03,6764.44,49.5,0.007371622
2017-11-06,6786.44,22,0.003252302
2017-11-07,6767.78,-18.66,-0.002749601
2017-11-08,6789.12,21.34,0.003153176
2017-11-09,6750.05,-39.07,-0.005754796
2017-11-10,6750.94,0.89,0.000131851
2017-11-13,6757.6,6.66,0.000986529
2017-11-14,6737.87,-19.73,-0.002919676
2017-11-15,6706.21,-31.66,-0.004698814
2017-11-16,6793.29,87.08,0.01298498
2017-11-17,6782.79,-10.5,-0.001545643
2017-11-20,6790.71,7.92,0.001167661
2017-11-21,6862.48,71.77,0.010568851
2017-11-22,6867.36,4.88,0.000711113
2017-11-24,6889.16,21.8,0.003174437
2017-11-27,6878.52,-10.64,-0.001544455
2017-11-28,6912.36,33.84,0.004919663
2017-11-29,6824.39,-87.97,-0.012726478
2017-11-30,6873.97,49.58,0.007265118
2017-12-01,6847.59,-26.38,-0.003837666
2017-12-04,6775.37,-72.22,-0.010546776
2017-12-05,6762.21,-13.16,-0.001942329
2017-12-06,6776.38,14.17,0.002095469
2017-12-07,6812.84,36.46,0.005380454
2017-12-08,6840.08,27.24,0.003998333
2017-12-11,6875.08,35,0.005116899
2017-12-12,6862.32,-12.76,-0.001855978
2017-12-13,6875.8,13.48,0.00196435
2017-12-14,6856.53,-19.27,-0.002802583
2017-12-15,6936.58,80.05,0.011675002
2017-12-18,6994.76,58.18,0.008387419
2017-12-19,6963.85,-30.91,-0.004419022
2017-12-20,6960.96,-2.89,-0.000415
2017-12-21,6965.36,4.4,0.000632097
2017-12-22,6959.96,-5.4,-0.000775265
2017-12-26,6936.25,-23.71,-0.003406629
2017-12-27,6939.34,3.09,0.000445486
2017-12-28,6950.16,10.82,0.001559226
2017-12-29,6903.39,-46.77,-0.006729341
2018-01-02,7006.9,103.51,0.014994083
2018-01-03,7065.53,58.63,0.008367466
2018-01-04,7077.91,12.38,0.001752169
2018-01-05,7136.56,58.65,0.008286344
2018-01-08,7157.39,20.83,0.002918773
2018-01-09,7163.58,6.19,0.00086484
2018-01-10,7153.57,-10.01,-0.001397346
2018-01-11,7211.78,58.21,0.008137196
2018-01-12,7261.06,49.28,0.006833264
2018-01-16,7223.69,-37.37,-0.005146631
2018-01-17,7298.28,74.59,0.010325748
2018-01-18,7296.05,-2.23,-0.000305551
2018-01-19,7336.38,40.33,0.005527649
2018-01-22,7408.03,71.65,0.009766397
2018-01-23,7460.29,52.26,0.007054507
2018-01-24,7415.06,-45.23,-0.006062767
2018-01-25,7411.16,-3.9,-0.000525957
2018-01-26,7505.77,94.61,0.012765883
2018-01-29,7466.51,-39.26,-0.005230643
2018-01-30,7402.48,-64.03,-0.008575626
2018-01-31,7411.48,9,0.001215809
2018-02-01,7385.86,-25.62,-0.003456799
2018-02-02,7240.95,-144.91,-0.019619922
2018-02-05,6967.53,-273.42,-0.037760239
2018-02-06,7115.88,148.35,0.02129162
2018-02-07,7051.98,-63.9,-0.008979915
2018-02-08,6777.16,-274.82,-0.038970615
2018-02-09,6874.49,97.33,0.014361473
2018-02-12,6981.96,107.47,0.01563316
2018-02-13,7013.51,31.55,0.004518788
2018-02-14,7143.62,130.11,0.018551339
2018-02-15,7256.43,112.81,0.015791713
2018-02-16,7239.47,-16.96,-0.002337237
2018-02-20,7234.31,-5.16,-0.000712759
2018-02-21,7218.23,-16.08,-0.002222741
2018-02-22,7210.09,-8.14,-0.0011277
2018-02-23,7337.39,127.3,0.017655813
2018-02-26,7421.46,84.07,0.011457753
2018-02-27,7330.35,-91.11,-0.01227656
2018-02-28,7273.01,-57.34,-0.007822273
2018-03-01,7180.56,-92.45,-0.012711381
2018-03-02,7257.87,77.31,0.01076657
2018-03-05,7330.7,72.83,0.010034624
2018-03-06,7372.01,41.31,0.005635205
2018-03-07,7396.65,24.64,0.003342372
2018-03-08,7427.95,31.3,0.004231645
2018-03-09,7560.81,132.86,0.017886496
2018-03-12,7588.32,27.51,0.003638499
2018-03-13,7511.01,-77.31,-0.010188026
2018-03-14,7496.81,-14.2,-0.001890558
2018-03-15,7481.74,-15.07,-0.002010188
2018-03-16,7481.99,0.25,3.34147E-05
2018-03-19,7344.24,-137.75,-0.018410877
2018-03-20,7364.3,20.06,0.002731392
2018-03-21,7345.29,-19.01,-0.002581372
2018-03-22,7166.68,-178.61,-0.024316263
2018-03-23,6992.67,-174.01,-0.02428042
2018-03-26,7220.54,227.87,0.03258698
2018-03-27,7008.81,-211.73,-0.029323292
2018-03-28,6949.23,-59.58,-0.00850073
2018-03-29,7063.44,114.21,0.016434914
2018-04-02,6870.12,-193.32,-0.027369101
2018-04-03,6941.28,71.16,0.010357898
2018-04-04,7042.11,100.83,0.014526139
2018-04-05,7076.55,34.44,0.00489058
2018-04-06,6915.11,-161.44,-0.022813377
2018-04-09,6950.34,35.23,0.005094641
2018-04-10,7094.3,143.96,0.020712656
2018-04-11,7069.03,-25.27,-0.003562015
2018-04-12,7140.25,71.22,0.010074932
2018-04-13,7106.65,-33.6,-0.004705718
2018-04-16,7156.28,49.63,0.0069836
2018-04-17,7281.1,124.82,0.017442023
2018-04-18,7295.24,14.14,0.001942014
2018-04-19,7238.06,-57.18,-0.007837988
2018-04-20,7146.13,-91.93,-0.012700917
2018-04-23,7128.6,-17.53,-0.002453076
2018-04-24,7007.35,-121.25,-0.01700895
2018-04-25,7003.74,-3.61,-0.000515173
2018-04-26,7118.68,114.94,0.016411232
2018-04-27,7119.8,1.12,0.000157333
2018-04-30,7066.27,-53.53,-0.00751847
2018-05-01,7130.7,64.43,0.009117965
2018-05-02,7100.9,-29.8,-0.004179113
2018-05-03,7088.15,-12.75,-0.001795547
2018-05-04,7209.62,121.47,0.017137053
2018-05-07,7265.21,55.59,0.007710531
2018-05-08,7266.9,1.69,0.000232615
2018-05-09,7339.91,73.01,0.010046925
2018-05-10,7404.97,65.06,0.008863869
2018-05-11,7402.88,-2.09,-0.000282243
2018-05-14,7411.32,8.44,0.001140097
2018-05-15,7351.63,-59.69,-0.008053896
2018-05-16,7398.3,46.67,0.006348252
2018-05-17,7382.47,-15.83,-0.002139681
2018-05-18,7354.34,-28.13,-0.003810378
2018-05-21,7394.04,39.7,0.005398173
2018-05-22,7378.46,-15.58,-0.002107102
2018-05-23,7425.96,47.5,0.006437658
2018-05-24,7424.43,-1.53,-0.000206034
2018-05-25,7433.85,9.42,0.001268784
2018-05-29,7396.59,-37.26,-0.005012208
2018-05-30,7462.45,65.86,0.008904103
2018-05-31,7442.12,-20.33,-0.002724306
2018-06-01,7554.33,112.21,0.015077693
2018-06-04,7606.46,52.13,0.006900678
2018-06-05,7637.86,31.4,0.00412807
2018-06-06,7689.24,51.38,0.006727015
2018-06-07,7635.07,-54.17,-0.00704491
2018-06-08,7645.51,10.44,0.001367374
2018-06-11,7659.93,14.42,0.001886074
2018-06-12,7703.79,43.86,0.005725901
2018-06-13,7695.7,-8.09,-0.001050132
2018-06-14,7761.04,65.34,0.008490456
2018-06-15,7746.38,-14.66,-0.001888922
2018-06-18,7747.03,0.65,8.39102E-05
2018-06-19,7725.59,-21.44,-0.002767512
2018-06-20,7781.51,55.92,0.007238282
2018-06-21,7712.95,-68.56,-0.008810629
2018-06-22,7692.82,-20.13,-0.002609896
2018-06-25,7532.01,-160.81,-0.020903908
2018-06-26,7561.63,29.62,0.003932549
2018-06-27,7445.08,-116.55,-0.015413343
2018-06-28,7503.68,58.6,0.00787097
2018-06-29,7510.3,6.62,0.000882234
2018-07-02,7567.69,57.39,0.007641506
2018-07-03,7502.67,-65.02,-0.00859179
2018-07-05,7586.43,83.76,0.011164026
2018-07-06,7688.39,101.96,0.013439787
2018-07-09,7756.2,67.81,0.008819792
2018-07-10,7759.2,3,0.000386787
2018-07-11,7716.61,-42.59,-0.005488968
2018-07-12,7823.92,107.31,0.013906366
2018-07-13,7825.98,2.06,0.000263295
2018-07-16,7805.72,-20.26,-0.002588813
2018-07-17,7855.12,49.4,0.006328692
2018-07-18,7854.44,-0.68,-8.65677E-05
2018-07-19,7825.3,-29.14,-0.003710004
2018-07-20,7820.2,-5.1,-0.000651732
2018-07-23,7841.87,21.67,0.002771029
2018-07-24,7840.77,-1.1,-0.000140273
2018-07-25,7932.24,91.47,0.011665946
2018-07-26,7852.18,-80.06,-0.010092988
2018-07-27,7737.42,-114.76,-0.01461505
2018-07-30,7630,-107.42,-0.013883181
2018-07-31,7671.79,41.79,0.005477064
2018-08-01,7707.29,35.5,0.004627343
2018-08-02,7802.69,95.4,0.012377892
2018-08-03,7812.01,9.32,0.00119446
2018-08-06,7859.68,47.67,0.006102143
2018-08-07,7883.66,23.98,0.003051015
2018-08-08,7888.33,4.67,0.000592364
2018-08-09,7891.78,3.45,0.000437355
2018-08-10,7839.11,-52.67,-0.006674033
2018-08-13,7819.71,-19.4,-0.002474771
2018-08-14,7870.89,51.18,0.006545
2018-08-15,7774.12,-96.77,-0.012294671
2018-08-16,7806.52,32.4,0.004167674
2018-08-17,7816.33,9.81,0.001256642
2018-08-20,7821.01,4.68,0.000598746
2018-08-21,7859.17,38.16,0.004879165
2018-08-22,7889.1,29.93,0.00380829
2018-08-23,7878.46,-10.64,-0.001348696
2018-08-24,7945.98,67.52,0.008570203
2018-08-27,8017.9,71.92,0.009051118
2018-08-28,8030.04,12.14,0.001514112
2018-08-29,8109.69,79.65,0.009919004
2018-08-30,8088.36,-21.33,-0.002630187
2018-08-31,8109.54,21.18,0.002618578
2018-09-04,8091.25,-18.29,-0.002255368
2018-09-05,7995.17,-96.08,-0.011874556
2018-09-06,7922.73,-72.44,-0.00906047
2018-09-07,7902.54,-20.19,-0.002548364
2018-09-10,7924.16,21.62,0.002735829
2018-09-11,7972.47,48.31,0.006096545
2018-09-12,7954.23,-18.24,-0.002287873
2018-09-13,8013.71,59.48,0.007477782
2018-09-14,8010.04,-3.67,-0.000457965
2018-09-17,7895.79,-114.25,-0.014263349
2018-09-18,7956.11,60.32,0.007639514
2018-09-19,7950.04,-6.07,-0.000762936
2018-09-20,8028.23,78.19,0.009835171
2018-09-21,7986.96,-41.27,-0.00514061
2018-09-24,7993.25,6.29,0.000787534
2018-09-25,8007.47,14.22,0.001779001
2018-09-26,7990.37,-17.1,-0.002135506
2018-09-27,8041.97,51.6,0.006457774
2018-09-28,8046.35,4.38,0.000544643
2018-10-01,8037.3,-9.05,-0.001124734
2018-10-02,7999.55,-37.75,-0.004696851
2018-10-03,8025.09,25.54,0.00319268
2018-10-04,7879.51,-145.58,-0.018140607
2018-10-05,7788.45,-91.06,-0.011556556
2018-10-08,7735.95,-52.5,-0.006740751
2018-10-09,7738.02,2.07,0.000267582
2018-10-10,7422.05,-315.97,-0.040833443
2018-10-11,7329.06,-92.99,-0.012528884
2018-10-12,7496.89,167.83,0.022899253
2018-10-15,7430.74,-66.15,-0.008823659
2018-10-16,7645.49,214.75,0.028900217
2018-10-17,7642.7,-2.79,-0.000364921
2018-10-18,7485.14,-157.56,-0.020615751
2018-10-19,7449.03,-36.11,-0.004824225
2018-10-22,7468.63,19.6,0.002631215
2018-10-23,7437.54,-31.09,-0.004162745
2018-10-24,7108.4,-329.14,-0.04425388
2018-10-25,7318.34,209.94,0.029534072
2018-10-26,7167.21,-151.13,-0.020650858
2018-10-29,7050.29,-116.92,-0.016313182
2018-10-30,7161.65,111.36,0.015795095
2018-10-31,7305.9,144.25,0.020142006
2018-11-01,7434.06,128.16,0.017541987
2018-11-02,7356.99,-77.07,-0.010367148
2018-11-05,7328.85,-28.14,-0.003824934
2018-11-06,7375.96,47.11,0.006428021
2018-11-07,7570.75,194.79,0.026408766
2018-11-08,7530.88,-39.87,-0.005266321
2018-11-09,7406.9,-123.98,-0.016462883
2018-11-12,7200.87,-206.03,-0.027815955
2018-11-13,7200.87,0,0
2018-11-14,7136.39,-64.48,-0.008954474
2018-11-15,7259.03,122.64,0.017185159
2018-11-16,7247.87,-11.16,-0.001537395
2018-11-19,7028.48,-219.39,-0.030269583
2018-11-20,6908.82,-119.66,-0.017025018
2018-11-21,6972.25,63.43,0.009181018
2018-11-23,6938.98,-33.27,-0.004771774
2018-11-26,7081.85,142.87,0.020589481
2018-11-27,7082.7,0.85,0.000120025
2018-11-28,7291.59,208.89,0.02949299
2018-11-29,7273.08,-18.51,-0.002538541
2018-11-30,7330.54,57.46,0.007900367
2018-12-03,7441.51,110.97,0.015138039
2018-12-04,7158.43,-283.08,-0.038040666
2018-12-06,7188.26,29.83,0.004167115
2018-12-07,6969.25,-219.01,-0.030467735
2018-12-10,7020.52,51.27,0.007356602
2018-12-11,7031.83,11.31,0.001610992
2018-12-12,7098.31,66.48,0.009454153
2018-12-13,7070.33,-27.98,-0.003941783
2018-12-14,6910.66,-159.67,-0.022583104
2018-12-17,6753.73,-156.93,-0.022708395
2018-12-18,6783.91,30.18,0.004468642
2018-12-19,6636.83,-147.08,-0.021680712
2018-12-20,6528.41,-108.42,-0.016336112
2018-12-21,6332.99,-195.42,-0.029933782
2018-12-24,6192.92,-140.07,-0.022117515
2018-12-26,6554.36,361.44,0.058363421
2018-12-27,6579.49,25.13,0.003834089
2018-12-28,6584.52,5.03,0.000764497
2018-12-31,6635.28,50.76,0.00770899
2019-01-02,6665.94,30.66,0.004620755
2019-01-03,6463.5,-202.44,-0.03036931
2019-01-04,6738.86,275.36,0.042602305
2019-01-07,6823.47,84.61,0.012555536
2019-01-08,6897,73.53,0.010776042
2019-01-09,6957.08,60.08,0.008711034
2019-01-10,6986.07,28.99,0.004166978
2019-01-11,6971.48,-14.59,-0.002088442
2019-01-14,6905.92,-65.56,-0.009404029
2019-01-15,7023.83,117.91,0.017073757
2019-01-16,7034.69,10.86,0.001546165
2019-01-17,7084.46,49.77,0.007074939
2019-01-18,7157.23,72.77,0.010271778
2019-01-22,7020.36,-136.87,-0.01912332
2019-01-23,7025.77,5.41,0.000770616
2019-01-24,7073.46,47.69,0.006787868
2019-01-25,7164.86,91.4,0.012921541
2019-01-28,7085.68,-79.18,-0.011051158
2019-01-29,7028.29,-57.39,-0.008099434
2019-01-30,7183.08,154.79,0.022023849
2019-01-31,7281.74,98.66,0.013735055
2019-02-01,7263.87,-17.87,-0.002454084
2019-02-04,7347.54,83.67,0.011518653
2019-02-05,7402.08,54.54,0.007422893
2019-02-06,7375.28,-26.8,-0.003620604
2019-02-07,7288.35,-86.93,-0.011786671
2019-02-08,7298.2,9.85,0.001351472
2019-02-11,7307.9,9.7,0.001329095
2019-02-12,7414.62,106.72,0.014603374
2019-02-13,7420.38,5.76,0.000776844
2019-02-14,7426.95,6.57,0.000885399
2019-02-15,7472.41,45.46,0.006120951
2019-02-19,7486.77,14.36,0.001921736
2019-02-20,7489.07,2.3,0.000307209
2019-02-21,7459.71,-29.36,-0.00392038
2019-02-22,7527.54,67.83,0.009092847
2019-02-25,7554.46,26.92,0.003576202
2019-02-26,7549.3,-5.16,-0.00068304
2019-02-27,7554.51,5.21,0.00069013
2019-02-28,7532.53,-21.98,-0.00290952
2019-03-01,7595.35,62.82,0.008339827
2019-03-04,7577.57,-17.78,-0.002340906
2019-03-05,7576.36,-1.21,-0.000159682
2019-03-06,7505.92,-70.44,-0.009297341
2019-03-07,7421.46,-84.46,-0.011252451
2019-03-08,7408.14,-13.32,-0.001794795
2019-03-11,7558.06,149.92,0.020237199
2019-03-12,7591.03,32.97,0.004362231
2019-03-13,7643.41,52.38,0.006900249
2019-03-14,7630.91,-12.5,-0.001635396
2019-03-15,7688.53,57.62,0.007550869
2019-03-18,7714.48,25.95,0.003375158
2019-03-19,7723.95,9.47,0.001227562
2019-03-20,7728.97,5.02,0.000649927
2019-03-21,7838.96,109.99,0.014230874
2019-03-22,7642.67,-196.29,-0.025040311
2019-03-25,7637.54,-5.13,-0.000671231
2019-03-26,7691.52,53.98,0.007067721
2019-03-27,7643.38,-48.14,-0.006258841
2019-03-28,7669.17,25.79,0.003374162
2019-03-29,7729.32,60.15,0.007843091
2019-04-01,7828.91,99.59,0.012884704
2019-04-02,7848.69,19.78,0.002526533
2019-04-03,7895.55,46.86,0.005970423
2019-04-04,7891.78,-3.77,-0.000477484
2019-04-05,7938.69,46.91,0.00594416
2019-04-08,7953.88,15.19,0.001913414
2019-04-09,7909.28,-44.6,-0.005607326
2019-04-10,7964.24,54.96,0.006948799
2019-04-11,7947.36,-16.88,-0.002119474
2019-04-12,7984.16,36.8,0.004630468
2019-04-15,7976.01,-8.15,-0.001020771
2019-04-16,8000.23,24.22,0.003036606
2019-04-17,7996.08,-4.15,-0.000518735
2019-04-18,7998.06,1.98,0.000247621
2019-04-22,8015.27,17.21,0.002151772
2019-04-23,8120.82,105.55,0.013168614
2019-04-24,8102.01,-18.81,-0.002316269
2019-04-25,8106.29,4.28,0.000528264
2019-04-26,8133.96,27.67,0.003413399
2019-04-29,8149.39,15.43,0.001896985
2019-04-30,8095.39,-54,-0.006626263
2019-05-01,8049.64,-45.75,-0.005651365
2019-05-02,8036.77,-12.87,-0.001598829
2019-05-03,8164,127.23,0.015830987
2019-05-06,8123.29,-40.71,-0.004986526
2019-05-07,7963.76,-159.53,-0.019638595
2019-05-08,7943.32,-20.44,-0.002566627
2019-05-09,7910.59,-32.73,-0.004120443
2019-05-10,7916.94,6.35,0.000802721
2019-05-13,7647.02,-269.92,-0.034093981
2019-05-14,7734.49,87.47,0.011438443
2019-05-15,7822.15,87.66,0.01133365
2019-05-16,7898.05,75.9,0.009703215
2019-05-17,7816.28,-81.77,-0.010353188
2019-05-20,7702.38,-113.9,-0.014572149
2019-05-21,7785.72,83.34,0.010820032
2019-05-22,7750.84,-34.88,-0.004479997
2019-05-23,7628.28,-122.56,-0.01581248
2019-05-24,7637.01,8.73,0.001144426
2019-05-28,7607.35,-29.66,-0.003883719
2019-05-29,7547.31,-60.04,-0.007892367
2019-05-30,7567.72,20.41,0.002704275
2019-05-31,7453.15,-114.57,-0.015139302
2019-06-03,7333.02,-120.13,-0.016118017
2019-06-04,7527.12,194.1,0.026469313
2019-06-05,7575.48,48.36,0.006424768
2019-06-06,7615.55,40.07,0.005289434
2019-06-07,7742.1,126.55,0.016617316
2019-06-10,7823.17,81.07,0.010471319
2019-06-11,7822.57,-0.6,-7.66953E-05
2019-06-12,7792.72,-29.85,-0.003815881
2019-06-13,7837.13,44.41,0.005698909
2019-06-14,7796.66,-40.47,-0.00516388
2019-06-17,7845.02,48.36,0.006202656
2019-06-18,7953.88,108.86,0.013876319
2019-06-19,7987.32,33.44,0.004204237
2019-06-20,8051.34,64.02,0.008015204
2019-06-21,8031.71,-19.63,-0.002438103
2019-06-24,8005.7,-26.01,-0.003238414
2019-06-25,7884.72,-120.98,-0.015111733
2019-06-26,7909.97,25.25,0.003202397
2019-06-27,7967.76,57.79,0.00730597
2019-06-28,8006.24,38.48,0.004829463
2019-07-01,8091.16,84.92,0.010606727
2019-07-02,8109.09,17.93,0.002215999
2019-07-03,8170.23,61.14,0.007539687
2019-07-05,8161.79,-8.44,-0.001033019
2019-07-08,8098.38,-63.41,-0.007769129
2019-07-09,8141.73,43.35,0.005352922
2019-07-10,8202.53,60.8,0.0074677
2019-07-11,8196.04,-6.49,-0.000791219
2019-07-12,8244.14,48.1,0.005868688
2019-07-15,8258.19,14.05,0.001704241
2019-07-16,8222.8,-35.39,-0.004285443
2019-07-17,8185.21,-37.59,-0.004571436
2019-07-18,8207.24,22.03,0.00269144
2019-07-19,8146.49,-60.75,-0.007402001
2019-07-22,8204.14,57.65,0.007076667
2019-07-23,8251.4,47.26,0.005760506
2019-07-24,8321.5,70.1,0.008495528
2019-07-25,8238.54,-82.96,-0.009969356
2019-07-26,8330.21,91.67,0.011126972
2019-07-29,8293.33,-36.88,-0.004427259
2019-07-30,8273.61,-19.72,-0.002377814
2019-07-31,8175.42,-98.19,-0.011867855
2019-08-01,8111.12,-64.3,-0.007865039
2019-08-02,8004.07,-107.05,-0.013197931
2019-08-05,7726.04,-278.03,-0.034736078
2019-08-06,7833.27,107.23,0.013879038
2019-08-07,7862.83,29.56,0.003773648
2019-08-08,8039.16,176.33,0.022425768
2019-08-09,7959.14,-80.02,-0.009953776
2019-08-12,7863.41,-95.73,-0.012027681
2019-08-13,8016.36,152.95,0.019450849
2019-08-14,7773.94,-242.42,-0.030240658
2019-08-15,7766.62,-7.32,-0.000941607
2019-08-16,7895.99,129.37,0.016657182
2019-08-19,8002.81,106.82,0.013528386
2019-08-20,7948.56,-54.25,-0.006778869
2019-08-21,8020.21,71.65,0.009014211
2019-08-22,7991.39,-28.82,-0.003593422
2019-08-23,7751.77,-239.62,-0.029984771
2019-08-26,7853.74,101.97,0.013154415
2019-08-27,7826.95,-26.79,-0.003411114
2019-08-28,7856.88,29.93,0.003823967
2019-08-29,7973.39,116.51,0.014829042
2019-08-30,7962.88,-10.51,-0.001318134
2019-09-03,7874.16,-88.72,-0.011141697
2019-09-04,7976.88,102.72,0.013045201
2019-09-05,8116.83,139.95,0.017544453
2019-09-06,8103.07,-13.76,-0.001695243
2019-09-09,8087.44,-15.63,-0.001928899
2019-09-10,8084.16,-3.28,-0.000405567
2019-09-11,8169.68,85.52,0.010578712
2019-09-12,8194.47,24.79,0.003034391
2019-09-13,8176.71,-17.76,-0.002167315
2019-09-16,8153.54,-23.17,-0.002833658
2019-09-17,8186.02,32.48,0.003983546
2019-09-18,8177.39,-8.63,-0.001054236
2019-09-19,8182.88,5.49,0.000671363
2019-09-20,8117.67,-65.21,-0.007969077
2019-09-23,8112.46,-5.21,-0.00064181
2019-09-24,7993.63,-118.83,-0.014647838
2019-09-25,8077.38,83.75,0.010477092
2019-09-26,8030.66,-46.72,-0.005784054
2019-09-27,7939.63,-91.03,-0.011335307
2019-09-30,7999.34,59.71,0.007520502
2019-10-01,7908.68,-90.66,-0.011333435
2019-10-02,7785.25,-123.43,-0.015606903
2019-10-03,7872.26,87.01,0.011176263
2019-10-04,7982.47,110.21,0.013999792
2019-10-07,7956.29,-26.18,-0.003279687
2019-10-08,7823.78,-132.51,-0.016654747
2019-10-09,7903.74,79.96,0.010220124
2019-10-10,7950.78,47.04,0.005951613
2019-10-11,8057.04,106.26,0.013364726
2019-10-14,8048.65,-8.39,-0.001041325
2019-10-15,8148.71,100.06,0.012431899
2019-10-16,8124.18,-24.53,-0.003010292
2019-10-17,8156.85,32.67,0.004021329
2019-10-18,8089.54,-67.31,-0.00825196
2019-10-21,8162.99,73.45,0.009079626
2019-10-22,8104.3,-58.69,-0.007189767
2019-10-23,8119.79,15.49,0.001911331
2019-10-24,8185.8,66.01,0.008129521
2019-10-25,8243.12,57.32,0.00700237
2019-10-28,8325.99,82.87,0.010053232
2019-10-29,8276.85,-49.14,-0.005902001
2019-10-30,8303.98,27.13,0.003277817
2019-10-31,8292.36,-11.62,-0.001399329
2019-11-01,8386.4,94.04,0.011340559
2019-11-04,8433.2,46.8,0.005580464
2019-11-05,8434.68,1.48,0.000175497
2019-11-06,8410.63,-24.05,-0.002851323
2019-11-07,8434.52,23.89,0.002840453
2019-11-08,8475.31,40.79,0.004836078
2019-11-11,8464.28,-11.03,-0.001301427
2019-11-12,8486.09,21.81,0.002576711
2019-11-13,8482.1,-3.99,-0.000470181
2019-11-14,8479.02,-3.08,-0.000363118
2019-11-15,8540.83,61.81,0.007289758
2019-11-18,8549.94,9.11,0.001066641
2019-11-19,8570.66,20.72,0.002423409
2019-11-20,8526.73,-43.93,-0.005125626
2019-11-21,8506.21,-20.52,-0.00240655
2019-11-22,8519.88,13.67,0.001607061
2019-11-25,8632.49,112.61,0.013217322
2019-11-26,8647.93,15.44,0.001788592
2019-11-27,8705.18,57.25,0.006620081
2019-11-29,8665.47,-39.71,-0.004561652
2019-12-02,8567.99,-97.48,-0.011249246
2019-12-03,8520.64,-47.35,-0.005526384
2019-12-04,8566.67,46.03,0.005402176
2019-12-05,8570.7,4.03,0.000470428
2019-12-06,8656.53,85.83,0.010014351
2019-12-09,8621.83,-34.7,-0.004008535
2019-12-10,8616.18,-5.65,-0.000655313
2019-12-11,8654.05,37.87,0.004395219
2019-12-12,8717.32,63.27,0.007311028
2019-12-13,8734.88,17.56,0.002014381
2019-12-16,8814.23,79.35,0.009084269
2019-12-17,8823.36,9.13,0.001035825
2019-12-18,8827.73,4.37,0.000495276
2019-12-19,8887.22,59.49,0.006738992
2019-12-20,8924.96,37.74,0.004246547
2019-12-23,8945.65,20.69,0.002318218
2019-12-24,8952.88,7.23,0.000808214
2019-12-26,9022.39,69.51,0.007763982
2019-12-27,9006.62,-15.77,-0.001747874
2019-12-30,8945.99,-60.63,-0.006731715
2019-12-31,8972.6,26.61,0.002974517
2020-01-02,9092.19,119.59,0.013328355
2020-01-03,9020.77,-71.42,-0.007855093
2020-01-06,9071.46,50.69,0.005619254
2020-01-07,9068.58,-2.88,-0.000317479
2020-01-08,9129.24,60.66,0.00668903
2020-01-09,9203.43,74.19,0.008126635
2020-01-10,9178.86,-24.57,-0.002669657
2020-01-13,9273.93,95.07,0.010357495
2020-01-14,9251.33,-22.6,-0.002436939
2020-01-15,9258.7,7.37,0.000796642
2020-01-16,9357.13,98.43,0.010631082
2020-01-17,9388.94,31.81,0.003399547
2020-01-21,9370.81,-18.13,-0.001930995
2020-01-22,9383.77,12.96,0.001383018
2020-01-23,9402.48,18.71,0.001993868
2020-01-24,9314.91,-87.57,-0.0093135
2020-01-27,9139.31,-175.6,-0.018851497
2020-01-28,9269.68,130.37,0.014264753
2020-01-29,9275.16,5.48,0.000591175
2020-01-30,9298.93,23.77,0.002562759
2020-01-31,9150.94,-147.99,-0.015914734
2020-02-03,9273.4,122.46,0.013382232
2020-02-04,9467.97,194.57,0.020981517
2020-02-05,9508.68,40.71,0.00429976
2020-02-06,9572.15,63.47,0.006674954
2020-02-07,9520.51,-51.64,-0.005394817
2020-02-10,9628.39,107.88,0.011331326
2020-02-11,9638.94,10.55,0.001095718
2020-02-12,9725.96,87.02,0.009027964
2020-02-13,9711.97,-13.99,-0.001438418
2020-02-14,9731.18,19.21,0.001977972
2020-02-18,9732.74,1.56,0.000160309
2020-02-19,9817.18,84.44,0.008675871
2020-02-20,9750.96,-66.22,-0.006745318
2020-02-21,9576.59,-174.37,-0.017882342
2020-02-24,9221.28,-355.31,-0.037101933
2020-02-25,8965.61,-255.67,-0.027726086
2020-02-26,8980.77,15.16,0.001690906
2020-02-27,8566.48,-414.29,-0.046130788
2020-02-28,8567.37,0.89,0.000103893
2020-03-02,8952.16,384.79,0.044913433
2020-03-03,8684.09,-268.07,-0.029944728
2020-03-04,9018.09,334,0.03846114
2020-03-05,8738.6,-279.49,-0.03099215
2020-03-06,8575.62,-162.98,-0.018650585
2020-03-09,7950.68,-624.94,-0.072874031
2020-03-10,8344.25,393.57,0.049501426
2020-03-11,7952.05,-392.2,-0.047002427
2020-03-12,7201.8,-750.25,-0.094346741
2020-03-13,7874.88,673.08,0.093459968
2020-03-16,6904.59,-970.29,-0.123213306
2020-03-17,7334.78,430.19,0.06230493
2020-03-18,6989.84,-344.94,-0.047027995
2020-03-19,7150.58,160.74,0.022996235
2020-03-20,6879.52,-271.06,-0.037907415
2020-03-23,6860.67,-18.85,-0.002740017
2020-03-24,7417.86,557.19,0.0812151
2020-03-25,7384.3,-33.56,-0.004524216
2020-03-26,7797.54,413.24,0.055961973
2020-03-27,7502.38,-295.16,-0.037852964
2020-03-30,7774.15,271.77,0.036224505
2020-03-31,7700.1,-74.05,-0.009525157
2020-04-01,7360.58,-339.52,-0.044092934
2020-04-02,7487.31,126.73,0.017217393
2020-04-03,7373.08,-114.23,-0.015256481
2020-04-06,7913.24,540.16,0.073261107
2020-04-07,7887.26,-25.98,-0.003283105
2020-04-08,8090.9,203.64,0.025818852
2020-04-09,8153.58,62.68,0.007746975
2020-04-13,8192.42,38.84,0.004763552
2020-04-14,8515.74,323.32,0.03946575
2020-04-15,8393.18,-122.56,-0.014392173
2020-04-16,8532.36,139.18,0.016582511
2020-04-17,8650.14,117.78,0.013803918
2020-04-20,8560.73,-89.41,-0.010336249
2020-04-21,8263.23,-297.5,-0.034751709
2020-04-22,8495.38,232.15,0.028094341
2020-04-23,8494.75,-0.63,-7.4158E-05
2020-04-24,8634.52,139.77,0.016453692
2020-04-27,8730.16,95.64,0.01107647
2020-04-28,8607.73,-122.43,-0.014023798
2020-04-29,8914.71,306.98,0.035663293
2020-04-30,8889.55,-25.16,-0.002822302
2020-05-01,8604.95,-284.6,-0.032015119
2020-05-04,8710.71,105.76,0.0122906
2020-05-05,8809.12,98.41,0.011297587
2020-05-06,8854.39,45.27,0.005138992
2020-05-07,8979.66,125.27,0.014147784
2020-05-08,9121.32,141.66,0.015775653
2020-05-11,9192.34,71.02,0.007786154
2020-05-12,9002.55,-189.79,-0.020646538
2020-05-13,8863.17,-139.38,-0.01548228
2020-05-14,8943.72,80.55,0.00908817
2020-05-15,9014.56,70.84,0.007920642
2020-05-18,9234.83,220.27,0.024434914
2020-05-19,9185.1,-49.73,-0.005385048
2020-05-20,9375.78,190.68,0.020759709
2020-05-21,9284.88,-90.9,-0.009695193
2020-05-22,9324.59,39.71,0.004276846
2020-05-26,9340.22,15.63,0.001676213
2020-05-27,9412.36,72.14,0.007723587
2020-05-28,9368.99,-43.37,-0.004607771
2020-05-29,9489.87,120.88,0.012902138
2020-06-01,9552.05,62.18,0.00655225
2020-06-02,9608.37,56.32,0.005896117
2020-06-03,9682.91,74.54,0.007757819
2020-06-04,9615.81,-67.1,-0.006929735
2020-06-05,9814.08,198.27,0.020619168
2020-06-08,9924.74,110.66,0.011275637
2020-06-09,9953.75,29.01,0.002922998
2020-06-10,10020.35,66.6,0.006690946
2020-06-11,9492.73,-527.62,-0.052654847
2020-06-12,9588.81,96.08,0.01012143
2020-06-15,9726.02,137.21,0.014309388
2020-06-16,9895.87,169.85,0.017463464
2020-06-17,9910.53,14.66,0.001481426
2020-06-18,9943.05,32.52,0.003281358
2020-06-19,9946.12,3.07,0.000308758
2020-06-22,10056.47,110.35,0.011094779
2020-06-23,10131.37,74.9,0.007447941
2020-06-24,9909.17,-222.2,-0.021931881
2020-06-25,10017,107.83,0.01088184
2020-06-26,9757.22,-259.78,-0.025933912
2020-06-29,9874.15,116.93,0.011983946
2020-06-30,10058.77,184.62,0.018697306
2020-07-01,10154.63,95.86,0.009529992
2020-07-02,10207.63,53,0.005219294
2020-07-06,10433.65,226.02,0.02214226
2020-07-07,10343.89,-89.76,-0.008602934
2020-07-08,10492.5,148.61,0.014366935
2020-07-09,10547.75,55.25,0.005265666
2020-07-10,10617.44,69.69,0.006607096
2020-07-13,10390.84,-226.6,-0.021342244
2020-07-14,10488.58,97.74,0.009406362
2020-07-15,10550.49,61.91,0.00590261
2020-07-16,10473.83,-76.66,-0.007266013
2020-07-17,10503.19,29.36,0.002803177
2020-07-20,10767.09,263.9,0.0251257
2020-07-21,10680.36,-86.73,-0.008055101
2020-07-22,10706.13,25.77,0.00241284
2020-07-23,10461.42,-244.71,-0.022856999
2020-07-24,10363.18,-98.24,-0.009390695
2020-07-27,10536.27,173.09,0.016702402
2020-07-28,10402.09,-134.18,-0.012735057
2020-07-29,10542.94,140.85,0.013540548
2020-07-30,10587.81,44.87,0.004255929
2020-07-31,10745.27,157.46,0.01487182
2020-08-03,10902.8,157.53,0.014660404
2020-08-04,10941.17,38.37,0.003519279
2020-08-05,10998.4,57.23,0.005230702
2020-08-06,11108.07,109.67,0.00997145
2020-08-07,11010.98,-97.09,-0.008740492
2020-08-10,10968.36,-42.62,-0.003870682
2020-08-11,10782.82,-185.54,-0.016915929
2020-08-12,11012.24,229.42,0.021276438
2020-08-13,11042.5,30.26,0.002747851
2020-08-14,11019.3,-23.2,-0.002100974
2020-08-17,11129.73,110.43,0.010021508
2020-08-18,11210.84,81.11,0.007287688
2020-08-19,11146.46,-64.38,-0.005742656
2020-08-20,11264.95,118.49,0.010630281
2020-08-21,11311.8,46.85,0.004158918
2020-08-24,11379.72,67.92,0.006004349
2020-08-25,11466.47,86.75,0.00762321
2020-08-26,11665.06,198.59,0.017319192
2020-08-27,11625.34,-39.72,-0.00340504
2020-08-28,11695.63,70.29,0.006046275
2020-08-31,11775.46,79.83,0.006825626
2020-09-01,11939.67,164.21,0.013945103
2020-09-02,12056.44,116.77,0.009780002
2020-09-03,11458.1,-598.34,-0.049628248
2020-09-04,11313.13,-144.97,-0.012652185
2020-09-08,10847.69,-465.44,-0.041141576
2020-09-09,11141.56,293.87,0.02709056
2020-09-10,10919.59,-221.97,-0.019922704
2020-09-11,10853.55,-66.04,-0.006047846
2020-09-14,11056.65,203.1,0.018712771
2020-09-15,11190.32,133.67,0.012089557
2020-09-16,11050.47,-139.85,-0.012497408
2020-09-17,10910.28,-140.19,-0.012686338
2020-09-18,10793.28,-117,-0.010723831
2020-09-21,10778.8,-14.48,-0.001341575
2020-09-22,10963.64,184.84,0.017148477
2020-09-23,10632.99,-330.65,-0.030158779
2020-09-24,10672.27,39.28,0.003694163
2020-09-25,10913.56,241.29,0.022609061
2020-09-28,11117.53,203.97,0.018689593
2020-09-29,11085.25,-32.28,-0.002903523
2020-09-30,11167.51,82.26,0.007420672
2020-10-01,11326.51,159,0.014237731
2020-10-02,11075.02,-251.49,-0.022203662
2020-10-05,11332.49,257.47,0.023247814
2020-10-06,11154.6,-177.89,-0.015697345
2020-10-07,11364.6,210,0.018826314
2020-10-08,11420.98,56.38,0.004961019
2020-10-09,11579.94,158.96,0.013918245
2020-10-12,11876.26,296.32,0.025589079
2020-10-13,11863.9,-12.36,-0.001040732
2020-10-14,11768.73,-95.17,-0.008021814
2020-10-15,11713.87,-54.86,-0.004661506
2020-10-16,11671.56,-42.31,-0.003611957
2020-10-19,11478.88,-192.68,-0.016508504
2020-10-20,11516.49,37.61,0.003276452
2020-10-21,11484.69,-31.8,-0.002761258
2020-10-22,11506.01,21.32,0.001856384
2020-10-23,11548.28,42.27,0.003673732
2020-10-26,11358.94,-189.34,-0.016395515
2020-10-27,11431.35,72.41,0.006374715
2020-10-28,11004.87,-426.48,-0.03730793
2020-10-29,11185.59,180.72,0.016421821
2020-10-30,10911.59,-274,-0.024495802
2020-11-02,10957.61,46.02,0.004217534
2020-11-03,11160.57,202.96,0.018522287
2020-11-04,11590.78,430.21,0.038547314
2020-11-05,11890.93,300.15,0.025895583
2020-11-06,11895.23,4.3,0.00036162
2020-11-09,11713.78,-181.45,-0.015254014
2020-11-10,11553.86,-159.92,-0.013652297
2020-11-11,11786.43,232.57,0.020129204
2020-11-12,11709.59,-76.84,-0.006519362
2020-11-13,11829.29,119.7,0.01022239
2020-11-16,11924.13,94.84,0.008017387
2020-11-17,11899.34,-24.79,-0.002078978
2020-11-18,11801.6,-97.74,-0.008213901
2020-11-19,11904.71,103.11,0.008736951
2020-11-20,11854.97,-49.74,-0.004178178
2020-11-23,11880.63,25.66,0.002164493
2020-11-24,12036.79,156.16,0.013144084
2020-11-25,12094.4,57.61,0.00478616
2020-11-27,12205.85,111.45,0.009215009
2020-11-30,12198.74,-7.11,-0.000582508
2020-12-01,12355.11,156.37,0.012818537
2020-12-02,12349.37,-5.74,-0.000464585
2020-12-03,12377.18,27.81,0.002251937
2020-12-04,12464.23,87.05,0.007033104
2020-12-07,12519.95,55.72,0.004470392
2020-12-08,12582.77,62.82,0.005017592
2020-12-09,12338.95,-243.82,-0.019377291
2020-12-10,12405.81,66.86,0.005418613
2020-12-11,12377.87,-27.94,-0.002252171
2020-12-14,12440.04,62.17,0.005022674
2020-12-15,12595.06,155.02,0.012461375
2020-12-16,12658.19,63.13,0.005012283
2020-12-17,12764.75,106.56,0.008418265
2020-12-18,12755.64,-9.11,-0.000713684
2020-12-21,12742.52,-13.12,-0.001028565
2020-12-22,12807.92,65.4,0.005132423
2020-12-23,12771.11,-36.81,-0.002874003
2020-12-24,12804.73,33.62,0.002632504
2020-12-28,12899.42,94.69,0.007394924
2020-12-29,12850.22,-49.2,-0.003814125
2020-12-30,12870,19.78,0.001539273
2020-12-31,12888.28,18.28,0.001420357
2021-01-04,12698.45,-189.83,-0.014728885
2021-01-05,12818.96,120.51,0.009490135
2021-01-06,12740.79,-78.17,-0.006097999
2021-01-07,13067.48,326.69,0.025641267
2021-01-08,13201.98,134.5,0.010292727
2021-01-11,13036.43,-165.55,-0.012539786
2021-01-12,13072.43,36,0.002761492
2021-01-13,13128.95,56.52,0.004323603
2021-01-14,13112.64,-16.31,-0.001242293
2021-01-15,12998.5,-114.14,-0.008704578
2021-01-19,13197.18,198.68,0.015284841
2021-01-20,13457.25,260.07,0.019706483
2021-01-21,13530.91,73.66,0.005473629
2021-01-22,13543.06,12.15,0.000897944
2021-01-25,13635.99,92.93,0.006861817
2021-01-26,13626.06,-9.93,-0.00072822
2021-01-27,13270.6,-355.46,-0.026086778
2021-01-28,13337.16,66.56,0.005015598
2021-01-29,13070.69,-266.47,-0.019979516
