date,TEU
2013-02-01 00:00:00,101.4578942
2013-02-02 00:00:00,26.35269979
2013-02-03 00:00:00,27.67033478
2013-02-04 00:00:00,80.37573436
2013-02-05 00:00:00,94.86971924
2013-02-06 00:00:00,147.5751188
2013-02-07 00:00:00,177.8807236
2013-02-08 00:00:00,69.83465444
2013-02-09 00:00:00,48.75249461
2013-02-10 00:00:00,40.84668467
2013-02-11 00:00:00,68.51701945
2013-02-12 00:00:00,77.74046438
2013-02-13 00:00:00,98.82262421
2013-02-14 00:00:00,109.3637041
2013-02-15 00:00:00,81.69336935
2013-02-16 00:00:00,27.67033478
2013-02-17 00:00:00,46.11722463
2013-02-18 00:00:00,54.02303457
2013-02-19 00:00:00,75.1051944
2013-02-20 00:00:00,100.1402592
2013-02-21 00:00:00,72.46992442
2013-02-22 00:00:00,65.88174947
2013-02-23 00:00:00,38.21141469
2013-02-24 00:00:00,40.84668467
2013-02-25 00:00:00,168.6572787
2013-02-26 00:00:00,202.9157884
2013-02-27 00:00:00,167.3396437
2013-02-28 00:00:00,163.3867387
2013-03-01 00:00:00,166.0220087
2013-03-02 00:00:00,61.9288445
2013-03-03 00:00:00,63.24647949
2013-03-04 00:00:00,90.91681427
2013-03-05 00:00:00,100.1402592
2013-03-06 00:00:00,76.42282939
2013-03-07 00:00:00,56.65830455
2013-03-08 00:00:00,88.28154429
2013-03-09 00:00:00,61.9288445
2013-03-10 00:00:00,40.84668467
2013-03-11 00:00:00,72.46992442
2013-03-12 00:00:00,59.29357453
2013-03-13 00:00:00,59.29357453
2013-03-14 00:00:00,60.61120952
2013-03-15 00:00:00,56.65830455
2013-03-16 00:00:00,30.30560476
2013-03-17 00:00:00,48.75249461
2013-03-18 00:00:00,71.15228943
2013-03-19 00:00:00,111.9989741
2013-03-20 00:00:00,97.50498922
2013-03-21 00:00:00,106.7284341
2013-03-22 00:00:00,92.23444926
2013-03-23 00:00:00,42.16431966
2013-03-24 00:00:00,31.62323975
2013-03-25 00:00:00,52.70539958
2013-03-26 00:00:00,73.78755941
2013-03-27 00:00:00,65.88174947
2013-03-28 00:00:00,94.86971924
2013-03-29 00:00:00,65.88174947
2013-03-30 00:00:00,32.94087474
2013-03-31 00:00:00,26.35269979
2013-04-01 00:00:00,47.43485962
2013-04-02 00:00:00,69.83465444
2013-04-03 00:00:00,88.28154429
2013-04-04 00:00:00,92.23444926
2013-04-05 00:00:00,151.5280238
2013-04-06 00:00:00,51.38776459
2013-04-07 00:00:00,39.52904968
2013-04-08 00:00:00,73.78755941
2013-04-09 00:00:00,75.1051944
2013-04-10 00:00:00,57.97593954
2013-04-11 00:00:00,93.55208425
2013-04-12 00:00:00,68.51701945
2013-04-13 00:00:00,23.71742981
2013-04-14 00:00:00,25.0350648
2013-04-15 00:00:00,108.0460691
2013-04-16 00:00:00,123.857689
2013-04-17 00:00:00,51.38776459
2013-04-18 00:00:00,68.51701945
2013-04-19 00:00:00,44.79958964
2013-04-20 00:00:00,27.67033478
2013-04-21 00:00:00,34.25850973
2013-04-22 00:00:00,83.01100434
2013-04-23 00:00:00,67.19938446
2013-04-24 00:00:00,64.56411448
2013-04-25 00:00:00,72.46992442
2013-04-26 00:00:00,60.61120952
2013-04-27 00:00:00,22.39979482
2013-04-28 00:00:00,26.35269979
2013-04-29 00:00:00,258.2564579
2013-04-30 00:00:00,77.74046438
2013-05-01 00:00:00,92.23444926
2013-05-02 00:00:00,109.3637041
2013-05-03 00:00:00,65.88174947
2013-05-04 00:00:00,30.30560476
2013-05-05 00:00:00,27.67033478
2013-05-06 00:00:00,61.9288445
2013-05-07 00:00:00,83.01100434
2013-05-08 00:00:00,60.61120952
2013-05-09 00:00:00,44.79958964
2013-05-10 00:00:00,40.84668467
2013-05-11 00:00:00,25.0350648
2013-05-12 00:00:00,17.12925486
2013-05-13 00:00:00,43.48195465
2013-05-14 00:00:00,68.51701945
2013-05-15 00:00:00,59.29357453
2013-05-16 00:00:00,42.16431966
2013-05-17 00:00:00,44.79958964
2013-05-18 00:00:00,21.08215983
2013-05-19 00:00:00,15.81161987
2013-05-20 00:00:00,51.38776459
2013-05-21 00:00:00,61.9288445
2013-05-22 00:00:00,55.34066956
2013-05-23 00:00:00,61.9288445
2013-05-24 00:00:00,59.29357453
2013-05-25 00:00:00,26.35269979
2013-05-26 00:00:00,15.81161987
2013-05-27 00:00:00,38.21141469
2013-05-28 00:00:00,83.01100434
2013-05-29 00:00:00,106.7284341
2013-05-30 00:00:00,50.0701296
2013-05-31 00:00:00,47.43485962
2013-06-01 00:00:00,27.67033478
2013-06-02 00:00:00,28.98796977
2013-06-03 00:00:00,64.56411448
2013-06-04 00:00:00,43.48195465
2013-06-05 00:00:00,68.51701945
2013-06-06 00:00:00,83.01100434
2013-06-07 00:00:00,40.84668467
2013-06-08 00:00:00,42.16431966
2013-06-09 00:00:00,10.54107992
2013-06-10 00:00:00,26.35269979
2013-06-11 00:00:00,38.21141469
2013-06-12 00:00:00,28.98796977
2013-06-13 00:00:00,86.9639093
2013-06-14 00:00:00,40.84668467
2013-06-15 00:00:00,19.76452484
2013-06-16 00:00:00,17.12925486
2013-06-17 00:00:00,90.91681427
2013-06-18 00:00:00,52.70539958
2013-06-19 00:00:00,85.64627431
2013-06-20 00:00:00,69.83465444
2013-06-21 00:00:00,69.83465444
2013-06-22 00:00:00,25.0350648
2013-06-23 00:00:00,15.81161987
2013-06-24 00:00:00,32.94087474
2013-06-25 00:00:00,59.29357453
2013-06-26 00:00:00,43.48195465
2013-06-27 00:00:00,48.75249461
2013-06-28 00:00:00,57.97593954
2013-06-29 00:00:00,23.71742981
2013-06-30 00:00:00,13.17634989
2013-07-01 00:00:00,46.11722463
2013-07-02 00:00:00,84.32863933
2013-07-03 00:00:00,90.91681427
2013-07-04 00:00:00,47.43485962
2013-07-05 00:00:00,51.38776459
2013-07-06 00:00:00,40.84668467
2013-07-07 00:00:00,32.94087474
2013-07-08 00:00:00,146.2574838
2013-07-09 00:00:00,113.3166091
2013-07-10 00:00:00,57.97593954
2013-07-11 00:00:00,57.97593954
2013-07-12 00:00:00,51.38776459
2013-07-13 00:00:00,22.39979482
2013-07-14 00:00:00,17.12925486
2013-07-15 00:00:00,32.94087474
2013-07-16 00:00:00,89.59917928
2013-07-17 00:00:00,68.51701945
2013-07-18 00:00:00,59.29357453
2013-07-19 00:00:00,38.21141469
2013-07-20 00:00:00,21.08215983
2013-07-21 00:00:00,39.52904968
2013-07-22 00:00:00,94.86971924
2013-07-23 00:00:00,30.30560476
2013-07-24 00:00:00,42.16431966
2013-07-25 00:00:00,34.25850973
2013-07-26 00:00:00,81.69336935
2013-07-27 00:00:00,15.81161987
2013-07-28 00:00:00,23.71742981
2013-07-29 00:00:00,34.25850973
2013-07-30 00:00:00,38.21141469
2013-07-31 00:00:00,94.86971924
2013-08-01 00:00:00,75.1051944
2013-08-02 00:00:00,54.02303457
2013-08-03 00:00:00,25.0350648
2013-08-04 00:00:00,43.48195465
2013-08-05 00:00:00,75.1051944
2013-08-06 00:00:00,72.46992442
2013-08-07 00:00:00,89.59917928
2013-08-08 00:00:00,81.69336935
2013-08-09 00:00:00,73.78755941
2013-08-10 00:00:00,31.62323975
2013-08-11 00:00:00,34.25850973
2013-08-12 00:00:00,83.01100434
2013-08-13 00:00:00,67.19938446
2013-08-14 00:00:00,55.34066956
2013-08-15 00:00:00,55.34066956
2013-08-16 00:00:00,90.91681427
2013-08-17 00:00:00,40.84668467
2013-08-18 00:00:00,26.35269979
2013-08-19 00:00:00,56.65830455
2013-08-20 00:00:00,60.61120952
2013-08-21 00:00:00,63.24647949
2013-08-22 00:00:00,43.48195465
2013-08-23 00:00:00,39.52904968
2013-08-24 00:00:00,36.8937797
2013-08-25 00:00:00,21.08215983
2013-08-26 00:00:00,43.48195465
2013-08-27 00:00:00,96.18735423
2013-08-28 00:00:00,80.37573436
2013-08-29 00:00:00,54.02303457
2013-08-30 00:00:00,73.78755941
2013-08-31 00:00:00,26.35269979
2013-09-01 00:00:00,40.84668467
2013-09-02 00:00:00,71.15228943
2013-09-03 00:00:00,56.65830455
2013-09-04 00:00:00,67.19938446
2013-09-05 00:00:00,60.61120952
2013-09-06 00:00:00,90.91681427
2013-09-07 00:00:00,55.34066956
2013-09-08 00:00:00,44.79958964
2013-09-09 00:00:00,61.9288445
2013-09-10 00:00:00,80.37573436
2013-09-11 00:00:00,56.65830455
2013-09-12 00:00:00,54.02303457
2013-09-13 00:00:00,63.24647949
2013-09-14 00:00:00,36.8937797
2013-09-15 00:00:00,19.76452484
2013-09-16 00:00:00,31.62323975
2013-09-17 00:00:00,38.21141469
2013-09-18 00:00:00,71.15228943
2013-09-19 00:00:00,48.75249461
2013-09-20 00:00:00,67.19938446
2013-09-21 00:00:00,36.8937797
2013-09-22 00:00:00,84.32863933
2013-09-23 00:00:00,106.7284341
2013-09-24 00:00:00,114.6342441
2013-09-25 00:00:00,137.0340389
2013-09-26 00:00:00,81.69336935
2013-09-27 00:00:00,60.61120952
2013-09-28 00:00:00,43.48195465
2013-09-29 00:00:00,43.48195465
2013-09-30 00:00:00,167.3396437
2013-10-01 00:00:00,152.8456588
2013-10-02 00:00:00,102.7755292
2013-10-03 00:00:00,129.128229
2013-10-04 00:00:00,137.0340389
2013-10-05 00:00:00,42.16431966
2013-10-06 00:00:00,38.21141469
2013-10-07 00:00:00,111.9989741
2013-10-08 00:00:00,104.0931642
2013-10-09 00:00:00,101.4578942
2013-10-10 00:00:00,144.9398488
2013-10-11 00:00:00,89.59917928
2013-10-12 00:00:00,54.02303457
2013-10-13 00:00:00,48.75249461
2013-10-14 00:00:00,97.50498922
2013-10-15 00:00:00,96.18735423
2013-10-16 00:00:00,226.6332182
2013-10-17 00:00:00,295.1502376
2013-10-18 00:00:00,134.3987689
2013-10-19 00:00:00,111.9989741
2013-10-20 00:00:00,36.8937797
2013-10-21 00:00:00,101.4578942
2013-10-22 00:00:00,75.1051944
2013-10-23 00:00:00,94.86971924
2013-10-24 00:00:00,75.1051944
2013-10-25 00:00:00,51.38776459
2013-10-26 00:00:00,23.71742981
2013-10-27 00:00:00,27.67033478
2013-10-28 00:00:00,38.21141469
2013-10-29 00:00:00,54.02303457
2013-10-30 00:00:00,96.18735423
2013-10-31 00:00:00,44.79958964
2013-11-01 00:00:00,39.52904968
2013-11-02 00:00:00,27.67033478
2013-11-03 00:00:00,25.0350648
2013-11-04 00:00:00,64.56411448
2013-11-05 00:00:00,40.84668467
2013-11-06 00:00:00,76.42282939
2013-11-07 00:00:00,65.88174947
2013-11-08 00:00:00,85.64627431
2013-11-09 00:00:00,32.94087474
2013-11-10 00:00:00,36.8937797
2013-11-11 00:00:00,59.29357453
2013-11-12 00:00:00,80.37573436
2013-11-13 00:00:00,102.7755292
2013-11-14 00:00:00,96.18735423
2013-11-15 00:00:00,51.38776459
2013-11-16 00:00:00,48.75249461
2013-11-17 00:00:00,43.48195465
2013-11-18 00:00:00,69.83465444
2013-11-19 00:00:00,63.24647949
2013-11-20 00:00:00,88.28154429
2013-11-21 00:00:00,83.01100434
2013-11-22 00:00:00,56.65830455
2013-11-23 00:00:00,35.57614472
2013-11-24 00:00:00,28.98796977
2013-11-25 00:00:00,71.15228943
2013-11-26 00:00:00,57.97593954
2013-11-27 00:00:00,52.70539958
2013-11-28 00:00:00,21.08215983
2013-11-29 00:00:00,48.75249461
2013-11-30 00:00:00,25.0350648
2013-12-01 00:00:00,25.0350648
2013-12-02 00:00:00,59.29357453
2013-12-03 00:00:00,43.48195465
2013-12-04 00:00:00,122.540054
2013-12-05 00:00:00,42.16431966
2013-12-06 00:00:00,55.34066956
2013-12-07 00:00:00,14.49398488
2013-12-08 00:00:00,32.94087474
2013-12-09 00:00:00,83.01100434
2013-12-10 00:00:00,57.97593954
2013-12-11 00:00:00,52.70539958
2013-12-12 00:00:00,55.34066956
2013-12-13 00:00:00,51.38776459
2013-12-14 00:00:00,22.39979482
2013-12-15 00:00:00,14.49398488
2013-12-16 00:00:00,39.52904968
2013-12-17 00:00:00,40.84668467
2013-12-18 00:00:00,68.51701945
2013-12-19 00:00:00,36.8937797
2013-12-20 00:00:00,47.43485962
2013-12-21 00:00:00,15.81161987
2013-12-22 00:00:00,14.49398488
2013-12-23 00:00:00,40.84668467
2013-12-24 00:00:00,28.98796977
2013-12-25 00:00:00,43.48195465
2013-12-26 00:00:00,28.98796977
2013-12-27 00:00:00,23.71742981
2013-12-28 00:00:00,15.81161987
2013-12-29 00:00:00,32.94087474
2013-12-30 00:00:00,40.84668467
2013-12-31 00:00:00,23.71742981
2014-01-01 00:00:00,32.94087474
2014-01-02 00:00:00,39.52904968
2014-01-03 00:00:00,80.37573436
2014-01-04 00:00:00,39.52904968
2014-01-05 00:00:00,48.75249461
2014-01-06 00:00:00,135.7164039
2014-01-07 00:00:00,64.56411448
2014-01-08 00:00:00,35.57614472
2014-01-09 00:00:00,55.34066956
2014-01-10 00:00:00,52.70539958
2014-01-11 00:00:00,19.76452484
2014-01-12 00:00:00,25.0350648
2014-01-13 00:00:00,51.38776459
2014-01-14 00:00:00,81.69336935
2014-01-15 00:00:00,59.29357453
2014-01-16 00:00:00,44.79958964
2014-01-17 00:00:00,27.67033478
2014-01-18 00:00:00,28.98796977
2014-01-19 00:00:00,22.39979482
2014-01-20 00:00:00,32.94087474
2014-01-21 00:00:00,36.8937797
2014-01-22 00:00:00,88.28154429
2014-01-23 00:00:00,44.79958964
2014-01-24 00:00:00,46.11722463
2014-01-25 00:00:00,36.8937797
2014-01-26 00:00:00,30.30560476
2014-01-27 00:00:00,35.57614472
2014-01-28 00:00:00,31.62323975
2014-01-29 00:00:00,89.59917928
2014-01-30 00:00:00,39.52904968
2014-01-31 00:00:00,21.08215983
2014-02-01 00:00:00,19.76452484
2014-02-02 00:00:00,21.08215983
2014-02-03 00:00:00,57.97593954
2014-02-04 00:00:00,83.01100434
2014-02-05 00:00:00,52.70539958
2014-02-06 00:00:00,51.38776459
2014-02-07 00:00:00,64.56411448
2014-02-08 00:00:00,31.62323975
2014-02-09 00:00:00,30.30560476
2014-02-10 00:00:00,158.1161987
2014-02-11 00:00:00,83.01100434
2014-02-12 00:00:00,85.64627431
2014-02-13 00:00:00,51.38776459
2014-02-14 00:00:00,25.0350648
2014-02-15 00:00:00,22.39979482
2014-02-16 00:00:00,25.0350648
2014-02-17 00:00:00,52.70539958
2014-02-18 00:00:00,68.51701945
2014-02-19 00:00:00,48.75249461
2014-02-20 00:00:00,51.38776459
2014-02-21 00:00:00,42.16431966
2014-02-22 00:00:00,31.62323975
2014-02-23 00:00:00,27.67033478
2014-02-24 00:00:00,84.32863933
2014-02-25 00:00:00,65.88174947
2014-02-26 00:00:00,61.9288445
2014-02-27 00:00:00,52.70539958
2014-02-28 00:00:00,59.29357453
2014-03-01 00:00:00,39.52904968
2014-03-02 00:00:00,26.35269979
2014-03-03 00:00:00,72.46992442
2014-03-04 00:00:00,64.56411448
2014-03-05 00:00:00,59.29357453
2014-03-06 00:00:00,44.79958964
2014-03-07 00:00:00,80.37573436
2014-03-08 00:00:00,32.94087474
2014-03-09 00:00:00,38.21141469
2014-03-10 00:00:00,38.21141469
2014-03-11 00:00:00,56.65830455
2014-03-12 00:00:00,118.5871491
2014-03-13 00:00:00,43.48195465
2014-03-14 00:00:00,36.8937797
2014-03-15 00:00:00,40.84668467
2014-03-16 00:00:00,21.08215983
2014-03-17 00:00:00,35.57614472
2014-03-18 00:00:00,75.1051944
2014-03-19 00:00:00,63.24647949
2014-03-20 00:00:00,92.23444926
2014-03-21 00:00:00,57.97593954
2014-03-22 00:00:00,32.94087474
2014-03-23 00:00:00,17.12925486
2014-03-24 00:00:00,69.83465444
2014-03-25 00:00:00,51.38776459
2014-03-26 00:00:00,55.34066956
2014-03-27 00:00:00,38.21141469
2014-03-28 00:00:00,35.57614472
2014-03-29 00:00:00,17.12925486
2014-03-30 00:00:00,18.44688985
2014-03-31 00:00:00,36.8937797
2014-04-01 00:00:00,54.02303457
2014-04-02 00:00:00,36.8937797
2014-04-03 00:00:00,26.35269979
2014-04-04 00:00:00,32.94087474
2014-04-05 00:00:00,22.39979482
2014-04-06 00:00:00,22.39979482
2014-04-07 00:00:00,46.11722463
2014-04-08 00:00:00,59.29357453
2014-04-09 00:00:00,54.02303457
2014-04-10 00:00:00,46.11722463
2014-04-11 00:00:00,31.62323975
2014-04-12 00:00:00,18.44688985
2014-04-13 00:00:00,21.08215983
2014-04-14 00:00:00,69.83465444
2014-04-15 00:00:00,38.21141469
2014-04-16 00:00:00,48.75249461
2014-04-17 00:00:00,34.25850973
2014-04-18 00:00:00,21.08215983
2014-04-19 00:00:00,9.223444926
2014-04-20 00:00:00,6.588174947
2014-04-21 00:00:00,22.39979482
2014-04-22 00:00:00,60.61120952
2014-04-23 00:00:00,35.57614472
2014-04-24 00:00:00,55.34066956
2014-04-25 00:00:00,48.75249461
2014-04-26 00:00:00,10.54107992
2014-04-27 00:00:00,11.85871491
2014-04-28 00:00:00,21.08215983
2014-04-29 00:00:00,39.52904968
2014-04-30 00:00:00,28.98796977
2014-05-01 00:00:00,42.16431966
2014-05-02 00:00:00,44.79958964
2014-05-03 00:00:00,11.85871491
2014-05-04 00:00:00,17.12925486
2014-05-05 00:00:00,36.8937797
2014-05-06 00:00:00,64.56411448
2014-05-07 00:00:00,54.02303457
2014-05-08 00:00:00,31.62323975
2014-05-09 00:00:00,35.57614472
2014-05-10 00:00:00,35.57614472
2014-05-11 00:00:00,18.44688985
2014-05-12 00:00:00,40.84668467
2014-05-13 00:00:00,32.94087474
2014-05-14 00:00:00,26.35269979
2014-05-15 00:00:00,39.52904968
2014-05-16 00:00:00,36.8937797
2014-05-17 00:00:00,15.81161987
2014-05-18 00:00:00,10.54107992
2014-05-19 00:00:00,34.25850973
2014-05-20 00:00:00,42.16431966
2014-05-21 00:00:00,63.24647949
2014-05-22 00:00:00,46.11722463
2014-05-23 00:00:00,31.62323975
2014-05-24 00:00:00,11.85871491
2014-05-25 00:00:00,19.76452484
2014-05-26 00:00:00,31.62323975
2014-05-27 00:00:00,55.34066956
2014-05-28 00:00:00,48.75249461
2014-05-29 00:00:00,43.48195465
2014-05-30 00:00:00,30.30560476
2014-05-31 00:00:00,17.12925486
2014-06-01 00:00:00,10.54107992
2014-06-02 00:00:00,30.30560476
2014-06-03 00:00:00,34.25850973
2014-06-04 00:00:00,25.0350648
2014-06-05 00:00:00,21.08215983
2014-06-06 00:00:00,34.25850973
2014-06-07 00:00:00,14.49398488
2014-06-08 00:00:00,19.76452484
2014-06-09 00:00:00,23.71742981
2014-06-10 00:00:00,25.0350648
2014-06-11 00:00:00,31.62323975
2014-06-12 00:00:00,40.84668467
2014-06-13 00:00:00,23.71742981
2014-06-14 00:00:00,19.76452484
2014-06-15 00:00:00,11.85871491
2014-06-16 00:00:00,31.62323975
2014-06-17 00:00:00,32.94087474
2014-06-18 00:00:00,102.7755292
2014-06-19 00:00:00,57.97593954
2014-06-20 00:00:00,28.98796977
2014-06-21 00:00:00,10.54107992
2014-06-22 00:00:00,14.49398488
2014-06-23 00:00:00,21.08215983
2014-06-24 00:00:00,25.0350648
2014-06-25 00:00:00,31.62323975
2014-06-26 00:00:00,30.30560476
2014-06-27 00:00:00,135.7164039
2014-06-28 00:00:00,25.0350648
2014-06-29 00:00:00,13.17634989
2014-06-30 00:00:00,50.0701296
2014-07-01 00:00:00,40.84668467
2014-07-02 00:00:00,32.94087474
2014-07-03 00:00:00,22.39979482
2014-07-04 00:00:00,30.30560476
2014-07-05 00:00:00,18.44688985
2014-07-06 00:00:00,5.270539958
2014-07-07 00:00:00,25.0350648
2014-07-08 00:00:00,50.0701296
2014-07-09 00:00:00,44.79958964
2014-07-10 00:00:00,32.94087474
2014-07-11 00:00:00,30.30560476
2014-07-12 00:00:00,34.25850973
2014-07-13 00:00:00,15.81161987
2014-07-14 00:00:00,27.67033478
2014-07-15 00:00:00,106.7284341
2014-07-16 00:00:00,69.83465444
2014-07-17 00:00:00,40.84668467
2014-07-18 00:00:00,94.86971924
2014-07-19 00:00:00,15.81161987
2014-07-20 00:00:00,9.223444926
2014-07-21 00:00:00,27.67033478
2014-07-22 00:00:00,38.21141469
2014-07-23 00:00:00,40.84668467
2014-07-24 00:00:00,35.57614472
2014-07-25 00:00:00,17.12925486
2014-07-26 00:00:00,15.81161987
2014-07-27 00:00:00,10.54107992
2014-07-28 00:00:00,39.52904968
2014-07-29 00:00:00,28.98796977
2014-07-30 00:00:00,39.52904968
2014-07-31 00:00:00,61.9288445
2014-08-01 00:00:00,28.98796977
2014-08-02 00:00:00,26.35269979
2014-08-03 00:00:00,25.0350648
2014-08-04 00:00:00,27.67033478
2014-08-05 00:00:00,57.97593954
2014-08-06 00:00:00,25.0350648
2014-08-07 00:00:00,23.71742981
2014-08-08 00:00:00,26.35269979
2014-08-09 00:00:00,18.44688985
2014-08-10 00:00:00,11.85871491
2014-08-11 00:00:00,25.0350648
2014-08-12 00:00:00,40.84668467
2014-08-13 00:00:00,51.38776459
2014-08-14 00:00:00,38.21141469
2014-08-15 00:00:00,44.79958964
2014-08-16 00:00:00,77.74046438
2014-08-17 00:00:00,221.3626782
2014-08-18 00:00:00,188.4218035
2014-08-19 00:00:00,126.492959
2014-08-20 00:00:00,88.28154429
2014-08-21 00:00:00,71.15228943
2014-08-22 00:00:00,88.28154429
2014-08-23 00:00:00,39.52904968
2014-08-24 00:00:00,38.21141469
2014-08-25 00:00:00,84.32863933
2014-08-26 00:00:00,50.0701296
2014-08-27 00:00:00,55.34066956
2014-08-28 00:00:00,121.222419
2014-08-29 00:00:00,51.38776459
2014-08-30 00:00:00,21.08215983
2014-08-31 00:00:00,22.39979482
2014-09-01 00:00:00,42.16431966
2014-09-02 00:00:00,52.70539958
2014-09-03 00:00:00,56.65830455
2014-09-04 00:00:00,48.75249461
2014-09-05 00:00:00,38.21141469
2014-09-06 00:00:00,34.25850973
2014-09-07 00:00:00,30.30560476
2014-09-08 00:00:00,69.83465444
2014-09-09 00:00:00,50.0701296
2014-09-10 00:00:00,81.69336935
2014-09-11 00:00:00,72.46992442
2014-09-12 00:00:00,54.02303457
2014-09-13 00:00:00,39.52904968
2014-09-14 00:00:00,36.8937797
2014-09-15 00:00:00,81.69336935
2014-09-16 00:00:00,86.9639093
2014-09-17 00:00:00,108.0460691
2014-09-18 00:00:00,137.0340389
2014-09-19 00:00:00,152.8456588
2014-09-20 00:00:00,21.08215983
2014-09-21 00:00:00,14.49398488
2014-09-22 00:00:00,43.48195465
2014-09-23 00:00:00,38.21141469
2014-09-24 00:00:00,48.75249461
2014-09-25 00:00:00,51.38776459
2014-09-26 00:00:00,56.65830455
2014-09-27 00:00:00,18.44688985
2014-09-28 00:00:00,9.223444926
2014-09-29 00:00:00,36.8937797
2014-09-30 00:00:00,85.64627431
2014-10-01 00:00:00,51.38776459
2014-10-02 00:00:00,47.43485962
2014-10-03 00:00:00,21.08215983
2014-10-04 00:00:00,18.44688985
2014-10-05 00:00:00,25.0350648
2014-10-06 00:00:00,28.98796977
2014-10-07 00:00:00,57.97593954
2014-10-08 00:00:00,60.61120952
2014-10-09 00:00:00,31.62323975
2014-10-10 00:00:00,27.67033478
2014-10-11 00:00:00,18.44688985
2014-10-12 00:00:00,84.32863933
2014-10-13 00:00:00,334.6792873
2014-10-14 00:00:00,64.56411448
2014-10-15 00:00:00,96.18735423
2014-10-16 00:00:00,54.02303457
2014-10-17 00:00:00,36.8937797
2014-10-18 00:00:00,13.17634989
2014-10-19 00:00:00,15.81161987
2014-10-20 00:00:00,42.16431966
2014-10-21 00:00:00,55.34066956
2014-10-22 00:00:00,98.82262421
2014-10-23 00:00:00,44.79958964
2014-10-24 00:00:00,39.52904968
2014-10-25 00:00:00,10.54107992
2014-10-26 00:00:00,21.08215983
2014-10-27 00:00:00,42.16431966
2014-10-28 00:00:00,26.35269979
2014-10-29 00:00:00,27.67033478
2014-10-30 00:00:00,28.98796977
2014-10-31 00:00:00,22.39979482
2014-11-01 00:00:00,18.44688985
2014-11-02 00:00:00,15.81161987
2014-11-03 00:00:00,51.38776459
2014-11-04 00:00:00,48.75249461
2014-11-05 00:00:00,43.48195465
2014-11-06 00:00:00,35.57614472
2014-11-07 00:00:00,26.35269979
2014-11-08 00:00:00,15.81161987
2014-11-09 00:00:00,6.588174947
2014-11-10 00:00:00,48.75249461
2014-11-11 00:00:00,42.16431966
2014-11-12 00:00:00,121.222419
2014-11-13 00:00:00,43.48195465
2014-11-14 00:00:00,31.62323975
2014-11-15 00:00:00,30.30560476
2014-11-16 00:00:00,17.12925486
2014-11-17 00:00:00,60.61120952
2014-11-18 00:00:00,44.79958964
2014-11-19 00:00:00,42.16431966
2014-11-20 00:00:00,100.1402592
2014-11-21 00:00:00,31.62323975
2014-11-22 00:00:00,15.81161987
2014-11-23 00:00:00,17.12925486
2014-11-24 00:00:00,40.84668467
2014-11-25 00:00:00,51.38776459
2014-11-26 00:00:00,23.71742981
2014-11-27 00:00:00,50.0701296
2014-11-28 00:00:00,55.34066956
2014-11-29 00:00:00,10.54107992
2014-11-30 00:00:00,54.02303457
2014-12-01 00:00:00,50.0701296
2014-12-02 00:00:00,44.79958964
2014-12-03 00:00:00,223.9979482
2014-12-04 00:00:00,72.46992442
2014-12-05 00:00:00,23.71742981
2014-12-06 00:00:00,14.49398488
2014-12-07 00:00:00,15.81161987
2014-12-08 00:00:00,57.97593954
2014-12-09 00:00:00,39.52904968
2014-12-10 00:00:00,101.4578942
2014-12-11 00:00:00,69.83465444
2014-12-12 00:00:00,55.34066956
2014-12-13 00:00:00,23.71742981
2014-12-14 00:00:00,19.76452484
2014-12-15 00:00:00,34.25850973
2014-12-16 00:00:00,68.51701945
2014-12-17 00:00:00,73.78755941
2014-12-18 00:00:00,52.70539958
2014-12-19 00:00:00,73.78755941
2014-12-20 00:00:00,14.49398488
2014-12-21 00:00:00,14.49398488
2014-12-22 00:00:00,50.0701296
2014-12-23 00:00:00,31.62323975
2014-12-24 00:00:00,18.44688985
2014-12-25 00:00:00,13.17634989
2014-12-26 00:00:00,15.81161987
2014-12-27 00:00:00,36.8937797
2014-12-28 00:00:00,13.17634989
2014-12-29 00:00:00,30.30560476
2014-12-30 00:00:00,38.21141469
2014-12-31 00:00:00,17.12925486
2015-01-01 00:00:00,13.17634989
2015-01-02 00:00:00,28.98796977
2015-01-03 00:00:00,39.52904968
2015-01-04 00:00:00,43.48195465
2015-01-05 00:00:00,59.29357453
2015-01-06 00:00:00,54.02303457
2015-01-07 00:00:00,57.97593954
2015-01-08 00:00:00,64.56411448
2015-01-09 00:00:00,57.97593954
2015-01-10 00:00:00,32.94087474
2015-01-11 00:00:00,19.76452484
2015-01-12 00:00:00,79.05809937
2015-01-13 00:00:00,68.51701945
2015-01-14 00:00:00,85.64627431
2015-01-15 00:00:00,90.91681427
2015-01-16 00:00:00,55.34066956
2015-01-17 00:00:00,26.35269979
2015-01-18 00:00:00,25.0350648
2015-01-19 00:00:00,59.29357453
2015-01-20 00:00:00,133.0811339
2015-01-21 00:00:00,73.78755941
2015-01-22 00:00:00,77.74046438
2015-01-23 00:00:00,65.88174947
2015-01-24 00:00:00,31.62323975
2015-01-25 00:00:00,54.02303457
2015-01-26 00:00:00,301.7384126
2015-01-27 00:00:00,56.65830455
2015-01-28 00:00:00,68.51701945
2015-01-29 00:00:00,84.32863933
2015-01-30 00:00:00,54.02303457
2015-01-31 00:00:00,22.39979482
2015-02-01 00:00:00,17.12925486
2015-02-02 00:00:00,86.9639093
2015-02-03 00:00:00,52.70539958
2015-02-04 00:00:00,30.30560476
2015-02-05 00:00:00,61.9288445
2015-02-06 00:00:00,55.34066956
2015-02-07 00:00:00,68.51701945
2015-02-08 00:00:00,44.79958964
2015-02-09 00:00:00,65.88174947
2015-02-10 00:00:00,184.4688985
2015-02-11 00:00:00,84.32863933
2015-02-12 00:00:00,50.0701296
2015-02-13 00:00:00,31.62323975
2015-02-14 00:00:00,14.49398488
2015-02-15 00:00:00,15.81161987
2015-02-16 00:00:00,47.43485962
2015-02-17 00:00:00,51.38776459
2015-02-18 00:00:00,54.02303457
2015-02-19 00:00:00,57.97593954
2015-02-20 00:00:00,48.75249461
2015-02-21 00:00:00,13.17634989
2015-02-22 00:00:00,11.85871491
2015-02-23 00:00:00,68.51701945
2015-02-24 00:00:00,39.52904968
2015-02-25 00:00:00,79.05809937
2015-02-26 00:00:00,42.16431966
2015-02-27 00:00:00,47.43485962
2015-02-28 00:00:00,11.85871491
2015-03-01 00:00:00,14.49398488
2015-03-02 00:00:00,35.57614472
2015-03-03 00:00:00,56.65830455
2015-03-04 00:00:00,57.97593954
2015-03-05 00:00:00,48.75249461
2015-03-06 00:00:00,32.94087474
2015-03-07 00:00:00,11.85871491
2015-03-08 00:00:00,31.62323975
2015-03-09 00:00:00,133.0811339
2015-03-10 00:00:00,100.1402592
2015-03-11 00:00:00,35.57614472
2015-03-12 00:00:00,31.62323975
2015-03-13 00:00:00,28.98796977
2015-03-14 00:00:00,9.223444926
2015-03-15 00:00:00,13.17634989
2015-03-16 00:00:00,18.44688985
2015-03-17 00:00:00,27.67033478
2015-03-18 00:00:00,55.34066956
2015-03-19 00:00:00,44.79958964
2015-03-20 00:00:00,34.25850973
2015-03-21 00:00:00,11.85871491
2015-03-22 00:00:00,17.12925486
2015-03-23 00:00:00,39.52904968
2015-03-24 00:00:00,47.43485962
2015-03-25 00:00:00,47.43485962
2015-03-26 00:00:00,55.34066956
2015-03-27 00:00:00,36.8937797
2015-03-28 00:00:00,17.12925486
2015-03-29 00:00:00,13.17634989
2015-03-30 00:00:00,50.0701296
2015-03-31 00:00:00,42.16431966
2015-04-01 00:00:00,42.16431966
2015-04-02 00:00:00,48.75249461
2015-04-03 00:00:00,32.94087474
2015-04-04 00:00:00,22.39979482
2015-04-05 00:00:00,6.588174947
2015-04-06 00:00:00,44.79958964
2015-04-07 00:00:00,69.83465444
2015-04-08 00:00:00,31.62323975
2015-04-09 00:00:00,98.82262421
2015-04-10 00:00:00,48.75249461
2015-04-11 00:00:00,43.48195465
2015-04-12 00:00:00,14.49398488
2015-04-13 00:00:00,32.94087474
2015-04-14 00:00:00,48.75249461
2015-04-15 00:00:00,50.0701296
2015-04-16 00:00:00,51.38776459
2015-04-17 00:00:00,60.61120952
2015-04-18 00:00:00,40.84668467
2015-04-19 00:00:00,77.74046438
2015-04-20 00:00:00,131.7634989
2015-04-21 00:00:00,69.83465444
2015-04-22 00:00:00,38.21141469
2015-04-23 00:00:00,34.25850973
2015-04-24 00:00:00,81.69336935
2015-04-25 00:00:00,26.35269979
2015-04-26 00:00:00,32.94087474
2015-04-27 00:00:00,129.128229
2015-04-28 00:00:00,125.175324
2015-04-29 00:00:00,50.0701296
2015-04-30 00:00:00,54.02303457
2015-05-01 00:00:00,40.84668467
2015-05-02 00:00:00,25.0350648
2015-05-03 00:00:00,30.30560476
2015-05-04 00:00:00,51.38776459
2015-05-05 00:00:00,85.64627431
2015-05-06 00:00:00,60.61120952
2015-05-07 00:00:00,67.19938446
2015-05-08 00:00:00,97.50498922
2015-05-09 00:00:00,25.0350648
2015-05-10 00:00:00,15.81161987
2015-05-11 00:00:00,46.11722463
2015-05-12 00:00:00,28.98796977
2015-05-13 00:00:00,40.84668467
2015-05-14 00:00:00,85.64627431
2015-05-15 00:00:00,40.84668467
2015-05-16 00:00:00,15.81161987
2015-05-17 00:00:00,11.85871491
2015-05-18 00:00:00,39.52904968
2015-05-19 00:00:00,81.69336935
2015-05-20 00:00:00,65.88174947
2015-05-21 00:00:00,93.55208425
2015-05-22 00:00:00,46.11722463
2015-05-23 00:00:00,25.0350648
2015-05-24 00:00:00,34.25850973
2015-05-25 00:00:00,51.38776459
2015-05-26 00:00:00,42.16431966
2015-05-27 00:00:00,57.97593954
2015-05-28 00:00:00,50.0701296
2015-05-29 00:00:00,46.11722463
2015-05-30 00:00:00,19.76452484
2015-05-31 00:00:00,31.62323975
2015-06-01 00:00:00,32.94087474
2015-06-02 00:00:00,64.56411448
2015-06-03 00:00:00,57.97593954
2015-06-04 00:00:00,43.48195465
2015-06-05 00:00:00,57.97593954
2015-06-06 00:00:00,26.35269979
2015-06-07 00:00:00,21.08215983
2015-06-08 00:00:00,51.38776459
2015-06-09 00:00:00,77.74046438
2015-06-10 00:00:00,50.0701296
2015-06-11 00:00:00,51.38776459
2015-06-12 00:00:00,56.65830455
2015-06-13 00:00:00,26.35269979
2015-06-14 00:00:00,11.85871491
2015-06-15 00:00:00,47.43485962
2015-06-16 00:00:00,76.42282939
2015-06-17 00:00:00,56.65830455
2015-06-18 00:00:00,63.24647949
2015-06-19 00:00:00,32.94087474
2015-06-20 00:00:00,18.44688985
2015-06-21 00:00:00,39.52904968
2015-06-22 00:00:00,50.0701296
2015-06-23 00:00:00,43.48195465
2015-06-24 00:00:00,61.9288445
2015-06-25 00:00:00,56.65830455
2015-06-26 00:00:00,31.62323975
2015-06-27 00:00:00,18.44688985
2015-06-28 00:00:00,27.67033478
2015-06-29 00:00:00,61.9288445
2015-06-30 00:00:00,59.29357453
2015-07-01 00:00:00,88.28154429
2015-07-02 00:00:00,46.11722463
2015-07-03 00:00:00,44.79958964
2015-07-04 00:00:00,19.76452484
2015-07-05 00:00:00,38.21141469
2015-07-06 00:00:00,79.05809937
2015-07-07 00:00:00,227.9508532
2015-07-08 00:00:00,76.42282939
2015-07-09 00:00:00,96.18735423
2015-07-10 00:00:00,100.1402592
2015-07-11 00:00:00,44.79958964
2015-07-12 00:00:00,42.16431966
2015-07-13 00:00:00,96.18735423
2015-07-14 00:00:00,59.29357453
2015-07-15 00:00:00,64.56411448
2015-07-16 00:00:00,83.01100434
2015-07-17 00:00:00,40.84668467
2015-07-18 00:00:00,25.0350648
2015-07-19 00:00:00,22.39979482
2015-07-20 00:00:00,48.75249461
2015-07-21 00:00:00,35.57614472
2015-07-22 00:00:00,19.76452484
2015-07-23 00:00:00,36.8937797
2015-07-24 00:00:00,25.0350648
2015-07-25 00:00:00,15.81161987
2015-07-26 00:00:00,18.44688985
2015-07-27 00:00:00,31.62323975
2015-07-28 00:00:00,40.84668467
2015-07-29 00:00:00,25.0350648
2015-07-30 00:00:00,80.37573436
2015-07-31 00:00:00,44.79958964
2015-08-01 00:00:00,10.54107992
2015-08-02 00:00:00,26.35269979
2015-08-03 00:00:00,26.35269979
2015-08-04 00:00:00,54.02303457
2015-08-05 00:00:00,22.39979482
2015-08-06 00:00:00,31.62323975
2015-08-07 00:00:00,23.71742981
2015-08-08 00:00:00,34.25850973
2015-08-09 00:00:00,15.81161987
2015-08-10 00:00:00,35.57614472
2015-08-11 00:00:00,51.38776459
2015-08-12 00:00:00,101.4578942
2015-08-13 00:00:00,63.24647949
2015-08-14 00:00:00,61.9288445
2015-08-15 00:00:00,35.57614472
2015-08-16 00:00:00,22.39979482
2015-08-17 00:00:00,28.98796977
2015-08-18 00:00:00,42.16431966
2015-08-19 00:00:00,46.11722463
2015-08-20 00:00:00,59.29357453
2015-08-21 00:00:00,63.24647949
2015-08-22 00:00:00,21.08215983
2015-08-23 00:00:00,46.11722463
2015-08-24 00:00:00,130.445864
2015-08-25 00:00:00,134.3987689
2015-08-26 00:00:00,121.222419
2015-08-27 00:00:00,130.445864
2015-08-28 00:00:00,83.01100434
2015-08-29 00:00:00,61.9288445
2015-08-30 00:00:00,43.48195465
2015-08-31 00:00:00,63.24647949
2015-09-01 00:00:00,94.86971924
2015-09-02 00:00:00,119.904784
2015-09-03 00:00:00,94.86971924
2015-09-04 00:00:00,67.19938446
2015-09-05 00:00:00,38.21141469
2015-09-06 00:00:00,26.35269979
2015-09-07 00:00:00,63.24647949
2015-09-08 00:00:00,85.64627431
2015-09-09 00:00:00,72.46992442
2015-09-10 00:00:00,105.4107992
2015-09-11 00:00:00,85.64627431
2015-09-12 00:00:00,15.81161987
2015-09-13 00:00:00,22.39979482
2015-09-14 00:00:00,69.83465444
2015-09-15 00:00:00,80.37573436
2015-09-16 00:00:00,92.23444926
2015-09-17 00:00:00,162.0691037
2015-09-18 00:00:00,106.7284341
2015-09-19 00:00:00,47.43485962
2015-09-20 00:00:00,28.98796977
2015-09-21 00:00:00,101.4578942
2015-09-22 00:00:00,83.01100434
2015-09-23 00:00:00,59.29357453
2015-09-24 00:00:00,101.4578942
2015-09-25 00:00:00,86.9639093
2015-09-26 00:00:00,15.81161987
2015-09-27 00:00:00,25.0350648
2015-09-28 00:00:00,69.83465444
2015-09-29 00:00:00,92.23444926
2015-09-30 00:00:00,71.15228943
2015-10-01 00:00:00,64.56411448
2015-10-02 00:00:00,68.51701945
2015-10-03 00:00:00,27.67033478
2015-10-04 00:00:00,17.12925486
2015-10-05 00:00:00,104.0931642
2015-10-06 00:00:00,57.97593954
2015-10-07 00:00:00,67.19938446
2015-10-08 00:00:00,101.4578942
2015-10-09 00:00:00,42.16431966
2015-10-10 00:00:00,21.08215983
2015-10-11 00:00:00,25.0350648
2015-10-12 00:00:00,52.70539958
2015-10-13 00:00:00,59.29357453
2015-10-14 00:00:00,68.51701945
2015-10-15 00:00:00,46.11722463
2015-10-16 00:00:00,43.48195465
2015-10-17 00:00:00,26.35269979
2015-10-18 00:00:00,30.30560476
2015-10-19 00:00:00,47.43485962
2015-10-20 00:00:00,50.0701296
2015-10-21 00:00:00,51.38776459
2015-10-22 00:00:00,40.84668467
2015-10-23 00:00:00,46.11722463
2015-10-24 00:00:00,18.44688985
2015-10-25 00:00:00,23.71742981
2015-10-26 00:00:00,54.02303457
2015-10-27 00:00:00,114.6342441
2015-10-28 00:00:00,48.75249461
2015-10-29 00:00:00,61.9288445
2015-10-30 00:00:00,27.67033478
2015-10-31 00:00:00,42.16431966
2015-11-01 00:00:00,39.52904968
2015-11-02 00:00:00,57.97593954
2015-11-03 00:00:00,44.79958964
2015-11-04 00:00:00,102.7755292
2015-11-05 00:00:00,81.69336935
2015-11-06 00:00:00,69.83465444
2015-11-07 00:00:00,15.81161987
2015-11-08 00:00:00,15.81161987
2015-11-09 00:00:00,54.02303457
2015-11-10 00:00:00,65.88174947
2015-11-11 00:00:00,42.16431966
2015-11-12 00:00:00,35.57614472
2015-11-13 00:00:00,48.75249461
2015-11-14 00:00:00,11.85871491
2015-11-15 00:00:00,35.57614472
2015-11-16 00:00:00,104.0931642
2015-11-17 00:00:00,47.43485962
2015-11-18 00:00:00,31.62323975
2015-11-19 00:00:00,55.34066956
2015-11-20 00:00:00,65.88174947
2015-11-21 00:00:00,14.49398488
2015-11-22 00:00:00,19.76452484
2015-11-23 00:00:00,39.52904968
2015-11-24 00:00:00,55.34066956
2015-11-25 00:00:00,36.8937797
2015-11-26 00:00:00,35.57614472
2015-11-27 00:00:00,25.0350648
2015-11-28 00:00:00,23.71742981
2015-11-29 00:00:00,15.81161987
2015-11-30 00:00:00,32.94087474
2015-12-01 00:00:00,59.29357453
2015-12-02 00:00:00,48.75249461
2015-12-03 00:00:00,56.65830455
2015-12-04 00:00:00,35.57614472
2015-12-05 00:00:00,28.98796977
2015-12-06 00:00:00,13.17634989
2015-12-07 00:00:00,25.0350648
2015-12-08 00:00:00,36.8937797
2015-12-09 00:00:00,51.38776459
2015-12-10 00:00:00,64.56411448
2015-12-11 00:00:00,167.3396437
2015-12-12 00:00:00,36.8937797
2015-12-13 00:00:00,21.08215983
2015-12-14 00:00:00,104.0931642
2015-12-15 00:00:00,48.75249461
2015-12-16 00:00:00,43.48195465
2015-12-17 00:00:00,56.65830455
2015-12-18 00:00:00,85.64627431
2015-12-19 00:00:00,51.38776459
2015-12-20 00:00:00,55.34066956
2015-12-21 00:00:00,65.88174947
2015-12-22 00:00:00,57.97593954
2015-12-23 00:00:00,63.24647949
2015-12-24 00:00:00,35.57614472
2015-12-25 00:00:00,7.905809937
2015-12-26 00:00:00,17.12925486
2015-12-27 00:00:00,19.76452484
2015-12-28 00:00:00,26.35269979
2015-12-29 00:00:00,36.8937797
2015-12-30 00:00:00,57.97593954
2015-12-31 00:00:00,42.16431966
2016-01-01 00:00:00,34.25850973
2016-01-02 00:00:00,23.71742981
2016-01-03 00:00:00,21.08215983
2016-01-04 00:00:00,60.61120952
2016-01-05 00:00:00,36.8937797
2016-01-06 00:00:00,98.82262421
2016-01-07 00:00:00,101.4578942
2016-01-08 00:00:00,133.0811339
2016-01-09 00:00:00,47.43485962
2016-01-10 00:00:00,113.3166091
2016-01-11 00:00:00,73.78755941
2016-01-12 00:00:00,85.64627431
2016-01-13 00:00:00,73.78755941
2016-01-14 00:00:00,72.46992442
2016-01-15 00:00:00,121.222419
2016-01-16 00:00:00,27.67033478
2016-01-17 00:00:00,32.94087474
2016-01-18 00:00:00,90.91681427
2016-01-19 00:00:00,114.6342441
2016-01-20 00:00:00,111.9989741
2016-01-21 00:00:00,131.7634989
2016-01-22 00:00:00,67.19938446
2016-01-23 00:00:00,44.79958964
2016-01-24 00:00:00,26.35269979
2016-01-25 00:00:00,81.69336935
2016-01-26 00:00:00,80.37573436
2016-01-27 00:00:00,137.0340389
2016-01-28 00:00:00,93.55208425
2016-01-29 00:00:00,92.23444926
2016-01-30 00:00:00,18.44688985
2016-01-31 00:00:00,42.16431966
2016-02-01 00:00:00,47.43485962
2016-02-02 00:00:00,96.18735423
2016-02-03 00:00:00,77.74046438
2016-02-04 00:00:00,135.7164039
2016-02-05 00:00:00,183.1512635
2016-02-06 00:00:00,50.0701296
2016-02-07 00:00:00,32.94087474
2016-02-08 00:00:00,88.28154429
2016-02-09 00:00:00,100.1402592
2016-02-10 00:00:00,181.8336285
2016-02-11 00:00:00,126.492959
2016-02-12 00:00:00,73.78755941
2016-02-13 00:00:00,44.79958964
2016-02-14 00:00:00,42.16431966
2016-02-15 00:00:00,110.6813391
2016-02-16 00:00:00,88.28154429
2016-02-17 00:00:00,246.397743
2016-02-18 00:00:00,134.3987689
2016-02-19 00:00:00,90.91681427
2016-02-20 00:00:00,92.23444926
2016-02-21 00:00:00,65.88174947
2016-02-22 00:00:00,96.18735423
2016-02-23 00:00:00,127.810594
2016-02-24 00:00:00,122.540054
2016-02-25 00:00:00,168.6572787
2016-02-26 00:00:00,308.3265875
2016-02-27 00:00:00,69.83465444
2016-02-28 00:00:00,76.42282939
2016-03-01 00:00:00,104.0931642
2016-03-02 00:00:00,117.2695141
2016-03-03 00:00:00,101.4578942
2016-03-04 00:00:00,68.51701945
2016-03-05 00:00:00,93.55208425
2016-03-06 00:00:00,222.6803132
2016-03-07 00:00:00,102.7755292
2016-03-08 00:00:00,93.55208425
2016-03-09 00:00:00,100.1402592
2016-03-10 00:00:00,130.445864
2016-03-11 00:00:00,96.18735423
2016-03-12 00:00:00,42.16431966
2016-03-13 00:00:00,59.29357453
2016-03-14 00:00:00,67.19938446
2016-03-15 00:00:00,67.19938446
2016-03-16 00:00:00,172.6101836
2016-03-17 00:00:00,104.0931642
2016-03-18 00:00:00,67.19938446
2016-03-19 00:00:00,42.16431966
2016-03-20 00:00:00,19.76452484
2016-03-21 00:00:00,123.857689
2016-03-22 00:00:00,76.42282939
2016-03-23 00:00:00,79.05809937
2016-03-24 00:00:00,76.42282939
2016-03-25 00:00:00,32.94087474
2016-03-26 00:00:00,13.17634989
2016-03-27 00:00:00,18.44688985
2016-03-28 00:00:00,39.52904968
2016-03-29 00:00:00,122.540054
2016-03-30 00:00:00,72.46992442
2016-03-31 00:00:00,115.9518791
2016-04-01 00:00:00,80.37573436
2016-04-02 00:00:00,121.222419
2016-04-03 00:00:00,65.88174947
2016-04-04 00:00:00,77.74046438
2016-04-05 00:00:00,125.175324
2016-04-06 00:00:00,89.59917928
2016-04-07 00:00:00,289.8796977
2016-04-08 00:00:00,88.28154429
2016-04-09 00:00:00,32.94087474
2016-04-10 00:00:00,43.48195465
2016-04-11 00:00:00,77.74046438
2016-04-12 00:00:00,191.0570735
2016-04-13 00:00:00,117.2695141
2016-04-14 00:00:00,202.9157884
2016-04-15 00:00:00,109.3637041
2016-04-16 00:00:00,28.98796977
2016-04-17 00:00:00,50.0701296
2016-04-18 00:00:00,129.128229
2016-04-19 00:00:00,59.29357453
2016-04-20 00:00:00,77.74046438
2016-04-21 00:00:00,96.18735423
2016-04-22 00:00:00,61.9288445
2016-04-23 00:00:00,17.12925486
2016-04-24 00:00:00,22.39979482
2016-04-25 00:00:00,56.65830455
2016-04-26 00:00:00,68.51701945
2016-04-27 00:00:00,179.1983586
2016-04-28 00:00:00,84.32863933
2016-04-29 00:00:00,185.7865335
2016-04-30 00:00:00,21.08215983
2016-05-01 00:00:00,30.30560476
2016-05-02 00:00:00,55.34066956
2016-05-03 00:00:00,192.3747085
2016-05-04 00:00:00,89.59917928
2016-05-05 00:00:00,226.6332182
2016-05-06 00:00:00,83.01100434
2016-05-07 00:00:00,42.16431966
2016-05-08 00:00:00,43.48195465
2016-05-09 00:00:00,100.1402592
2016-05-10 00:00:00,105.4107992
2016-05-11 00:00:00,93.55208425
2016-05-12 00:00:00,198.9628834
2016-05-13 00:00:00,98.82262421
2016-05-14 00:00:00,30.30560476
2016-05-15 00:00:00,50.0701296
2016-05-16 00:00:00,176.5630886
2016-05-17 00:00:00,127.810594
2016-05-18 00:00:00,75.1051944
2016-05-19 00:00:00,127.810594
2016-05-20 00:00:00,68.51701945
2016-05-21 00:00:00,92.23444926
2016-05-22 00:00:00,40.84668467
2016-05-23 00:00:00,96.18735423
2016-05-24 00:00:00,105.4107992
2016-05-25 00:00:00,93.55208425
2016-05-26 00:00:00,92.23444926
2016-05-27 00:00:00,90.91681427
2016-05-28 00:00:00,32.94087474
2016-05-29 00:00:00,59.29357453
2016-05-30 00:00:00,56.65830455
2016-05-31 00:00:00,64.56411448
2016-06-01 00:00:00,63.24647949
2016-06-02 00:00:00,133.0811339
2016-06-03 00:00:00,92.23444926
2016-06-04 00:00:00,46.11722463
2016-06-05 00:00:00,47.43485962
2016-06-06 00:00:00,430.8666416
2016-06-07 00:00:00,297.7855076
2016-06-08 00:00:00,143.6222139
2016-06-09 00:00:00,94.86971924
2016-06-10 00:00:00,125.175324
2016-06-11 00:00:00,68.51701945
2016-06-12 00:00:00,44.79958964
2016-06-13 00:00:00,156.7985637
2016-06-14 00:00:00,152.8456588
2016-06-15 00:00:00,172.6101836
2016-06-16 00:00:00,146.2574838
2016-06-17 00:00:00,105.4107992
2016-06-18 00:00:00,65.88174947
2016-06-19 00:00:00,137.0340389
2016-06-20 00:00:00,118.5871491
2016-06-21 00:00:00,359.7143521
2016-06-22 00:00:00,254.303553
2016-06-23 00:00:00,166.0220087
2016-06-24 00:00:00,2265.014547
2016-06-25 00:00:00,442.7253565
2016-06-26 00:00:00,353.1261772
2016-06-27 00:00:00,636.4176999
2016-06-28 00:00:00,488.8425811
2016-06-29 00:00:00,361.0319871
2016-06-30 00:00:00,454.5840714
2016-07-01 00:00:00,243.7624731
2016-07-02 00:00:00,115.9518791
2016-07-03 00:00:00,144.9398488
2016-07-04 00:00:00,274.0680778
2016-07-05 00:00:00,307.0089525
2016-07-06 00:00:00,266.1622679
2016-07-07 00:00:00,231.9037581
2016-07-08 00:00:00,208.1863283
2016-07-09 00:00:00,73.78755941
2016-07-10 00:00:00,75.1051944
2016-07-11 00:00:00,227.9508532
2016-07-12 00:00:00,184.4688985
2016-07-13 00:00:00,155.4809288
2016-07-14 00:00:00,201.5981534
2016-07-15 00:00:00,134.3987689
2016-07-16 00:00:00,44.79958964
2016-07-17 00:00:00,98.82262421
2016-07-18 00:00:00,148.8927538
2016-07-19 00:00:00,249.033013
2016-07-20 00:00:00,144.9398488
2016-07-21 00:00:00,150.2103888
2016-07-22 00:00:00,184.4688985
2016-07-23 00:00:00,44.79958964
2016-07-24 00:00:00,176.5630886
2016-07-25 00:00:00,163.3867387
2016-07-26 00:00:00,148.8927538
2016-07-27 00:00:00,225.3155832
2016-07-28 00:00:00,163.3867387
2016-07-29 00:00:00,111.9989741
2016-07-30 00:00:00,52.70539958
2016-07-31 00:00:00,73.78755941
2016-08-01 00:00:00,117.2695141
2016-08-02 00:00:00,90.91681427
2016-08-03 00:00:00,106.7284341
2016-08-04 00:00:00,278.0209828
2016-08-05 00:00:00,138.3516739
2016-08-06 00:00:00,148.8927538
2016-08-07 00:00:00,39.52904968
2016-08-08 00:00:00,75.1051944
2016-08-09 00:00:00,72.46992442
2016-08-10 00:00:00,93.55208425
2016-08-11 00:00:00,225.3155832
2016-08-12 00:00:00,88.28154429
2016-08-13 00:00:00,50.0701296
2016-08-14 00:00:00,36.8937797
2016-08-15 00:00:00,81.69336935
2016-08-16 00:00:00,68.51701945
2016-08-17 00:00:00,69.83465444
2016-08-18 00:00:00,168.6572787
2016-08-19 00:00:00,76.42282939
2016-08-20 00:00:00,50.0701296
2016-08-21 00:00:00,26.35269979
2016-08-22 00:00:00,80.37573436
2016-08-23 00:00:00,71.15228943
2016-08-24 00:00:00,69.83465444
2016-08-25 00:00:00,76.42282939
2016-08-26 00:00:00,79.05809937
2016-08-27 00:00:00,22.39979482
2016-08-28 00:00:00,23.71742981
2016-08-29 00:00:00,64.56411448
2016-08-30 00:00:00,69.83465444
2016-08-31 00:00:00,72.46992442
2016-09-01 00:00:00,93.55208425
2016-09-02 00:00:00,42.16431966
2016-09-03 00:00:00,23.71742981
2016-09-04 00:00:00,86.9639093
2016-09-05 00:00:00,115.9518791
2016-09-06 00:00:00,60.61120952
2016-09-07 00:00:00,160.7514687
2016-09-08 00:00:00,135.7164039
2016-09-09 00:00:00,105.4107992
2016-09-10 00:00:00,28.98796977
2016-09-11 00:00:00,113.3166091
2016-09-12 00:00:00,81.69336935
2016-09-13 00:00:00,84.32863933
2016-09-14 00:00:00,64.56411448
2016-09-15 00:00:00,123.857689
2016-09-16 00:00:00,81.69336935
2016-09-17 00:00:00,26.35269979
2016-09-18 00:00:00,35.57614472
2016-09-19 00:00:00,76.42282939
2016-09-20 00:00:00,63.24647949
2016-09-21 00:00:00,127.810594
2016-09-22 00:00:00,109.3637041
2016-09-23 00:00:00,71.15228943
2016-09-24 00:00:00,21.08215983
2016-09-25 00:00:00,21.08215983
2016-09-26 00:00:00,69.83465444
2016-09-27 00:00:00,85.64627431
2016-09-28 00:00:00,114.6342441
2016-09-29 00:00:00,72.46992442
2016-09-30 00:00:00,90.91681427
2016-10-01 00:00:00,28.98796977
2016-10-02 00:00:00,42.16431966
2016-10-03 00:00:00,79.05809937
2016-10-04 00:00:00,113.3166091
2016-10-05 00:00:00,131.7634989
2016-10-06 00:00:00,81.69336935
2016-10-07 00:00:00,137.0340389
2016-10-08 00:00:00,35.57614472
2016-10-09 00:00:00,42.16431966
2016-10-10 00:00:00,100.1402592
2016-10-11 00:00:00,88.28154429
2016-10-12 00:00:00,79.05809937
2016-10-13 00:00:00,126.492959
2016-10-14 00:00:00,140.9869439
2016-10-15 00:00:00,101.4578942
2016-10-16 00:00:00,123.857689
2016-10-17 00:00:00,127.810594
2016-10-18 00:00:00,137.0340389
2016-10-19 00:00:00,159.4338337
2016-10-20 00:00:00,143.6222139
2016-10-21 00:00:00,80.37573436
2016-10-22 00:00:00,38.21141469
2016-10-23 00:00:00,64.56411448
2016-10-24 00:00:00,96.18735423
2016-10-25 00:00:00,101.4578942
2016-10-26 00:00:00,148.8927538
2016-10-27 00:00:00,184.4688985
2016-10-28 00:00:00,134.3987689
2016-10-29 00:00:00,52.70539958
2016-10-30 00:00:00,38.21141469
2016-10-31 00:00:00,96.18735423
2016-11-01 00:00:00,96.18735423
2016-11-02 00:00:00,113.3166091
2016-11-03 00:00:00,212.1392333
2016-11-04 00:00:00,146.2574838
2016-11-05 00:00:00,75.1051944
2016-11-06 00:00:00,96.18735423
2016-11-07 00:00:00,115.9518791
2016-11-08 00:00:00,133.0811339
2016-11-09 00:00:00,761.5930239
2016-11-10 00:00:00,330.7263824
2016-11-11 00:00:00,196.3276134
2016-11-12 00:00:00,89.59917928
2016-11-13 00:00:00,76.42282939
2016-11-14 00:00:00,180.5159936
2016-11-15 00:00:00,156.7985637
2016-11-16 00:00:00,168.6572787
2016-11-17 00:00:00,158.1161987
2016-11-18 00:00:00,108.0460691
2016-11-19 00:00:00,68.51701945
2016-11-20 00:00:00,189.7394385
2016-11-21 00:00:00,189.7394385
2016-11-22 00:00:00,113.3166091
2016-11-23 00:00:00,249.033013
2016-11-24 00:00:00,173.9278186
2016-11-25 00:00:00,108.0460691
2016-11-26 00:00:00,50.0701296
2016-11-27 00:00:00,83.01100434
2016-11-28 00:00:00,102.7755292
2016-11-29 00:00:00,197.6452484
2016-11-30 00:00:00,134.3987689
2016-12-01 00:00:00,106.7284341
2016-12-02 00:00:00,85.64627431
2016-12-03 00:00:00,56.65830455
2016-12-04 00:00:00,48.75249461
2016-12-05 00:00:00,296.4678726
2016-12-06 00:00:00,152.8456588
2016-12-07 00:00:00,154.1632938
2016-12-08 00:00:00,126.492959
2016-12-09 00:00:00,86.9639093
2016-12-10 00:00:00,89.59917928
2016-12-11 00:00:00,42.16431966
2016-12-12 00:00:00,111.9989741
2016-12-13 00:00:00,92.23444926
2016-12-14 00:00:00,189.7394385
2016-12-15 00:00:00,146.2574838
2016-12-16 00:00:00,88.28154429
2016-12-17 00:00:00,54.02303457
2016-12-18 00:00:00,81.69336935
2016-12-19 00:00:00,138.3516739
2016-12-20 00:00:00,122.540054
2016-12-21 00:00:00,83.01100434
2016-12-22 00:00:00,71.15228943
2016-12-23 00:00:00,65.88174947
2016-12-24 00:00:00,47.43485962
2016-12-25 00:00:00,19.76452484
2016-12-26 00:00:00,65.88174947
2016-12-27 00:00:00,113.3166091
2016-12-28 00:00:00,245.080108
2016-12-29 00:00:00,101.4578942
2016-12-30 00:00:00,93.55208425
2016-12-31 00:00:00,52.70539958
2017-01-01 00:00:00,75.1051944
2017-01-02 00:00:00,102.7755292
2017-01-03 00:00:00,114.6342441
2017-01-04 00:00:00,295.1502376
2017-01-05 00:00:00,171.2925486
2017-01-06 00:00:00,197.6452484
2017-01-07 00:00:00,73.78755941
2017-01-08 00:00:00,84.32863933
2017-01-09 00:00:00,126.492959
2017-01-10 00:00:00,121.222419
2017-01-11 00:00:00,163.3867387
2017-01-12 00:00:00,205.5510584
2017-01-13 00:00:00,250.350648
2017-01-14 00:00:00,113.3166091
2017-01-15 00:00:00,94.86971924
2017-01-16 00:00:00,173.9278186
2017-01-17 00:00:00,222.6803132
2017-01-18 00:00:00,201.5981534
2017-01-19 00:00:00,172.6101836
2017-01-20 00:00:00,184.4688985
2017-01-21 00:00:00,54.02303457
2017-01-22 00:00:00,90.91681427
2017-01-23 00:00:00,130.445864
2017-01-24 00:00:00,151.5280238
2017-01-25 00:00:00,142.3045789
2017-01-26 00:00:00,150.2103888
2017-01-27 00:00:00,143.6222139
2017-01-28 00:00:00,68.51701945
2017-01-29 00:00:00,88.28154429
2017-01-30 00:00:00,131.7634989
2017-01-31 00:00:00,213.4568683
2017-02-01 00:00:00,338.6321923
2017-02-02 00:00:00,144.9398488
2017-02-03 00:00:00,110.6813391
2017-02-04 00:00:00,61.9288445
2017-02-05 00:00:00,55.34066956
2017-02-06 00:00:00,159.4338337
2017-02-07 00:00:00,320.1853024
2017-02-08 00:00:00,160.7514687
2017-02-09 00:00:00,119.904784
2017-02-10 00:00:00,135.7164039
2017-02-11 00:00:00,48.75249461
2017-02-12 00:00:00,44.79958964
2017-02-13 00:00:00,129.128229
2017-02-14 00:00:00,233.2213931
2017-02-15 00:00:00,151.5280238
2017-02-16 00:00:00,138.3516739
2017-02-17 00:00:00,106.7284341
2017-02-18 00:00:00,65.88174947
2017-02-19 00:00:00,61.9288445
2017-02-20 00:00:00,127.810594
2017-02-21 00:00:00,154.1632938
2017-02-22 00:00:00,162.0691037
2017-02-23 00:00:00,142.3045789
2017-02-24 00:00:00,100.1402592
2017-02-25 00:00:00,40.84668467
2017-02-26 00:00:00,68.51701945
2017-02-27 00:00:00,86.9639093
2017-02-28 00:00:00,187.1041685
2017-03-01 00:00:00,162.0691037
2017-03-02 00:00:00,131.7634989
2017-03-03 00:00:00,138.3516739
2017-03-04 00:00:00,36.8937797
2017-03-05 00:00:00,73.78755941
2017-03-06 00:00:00,127.810594
2017-03-07 00:00:00,93.55208425
2017-03-08 00:00:00,131.7634989
2017-03-09 00:00:00,156.7985637
2017-03-10 00:00:00,79.05809937
2017-03-11 00:00:00,46.11722463
2017-03-12 00:00:00,60.61120952
2017-03-13 00:00:00,658.8174947
2017-03-14 00:00:00,252.985918
2017-03-15 00:00:00,135.7164039
2017-03-16 00:00:00,119.904784
2017-03-17 00:00:00,56.65830455
2017-03-18 00:00:00,32.94087474
2017-03-19 00:00:00,54.02303457
2017-03-20 00:00:00,97.50498922
2017-03-21 00:00:00,59.29357453
2017-03-22 00:00:00,109.3637041
2017-03-23 00:00:00,115.9518791
2017-03-24 00:00:00,75.1051944
2017-03-25 00:00:00,39.52904968
2017-03-26 00:00:00,38.21141469
2017-03-27 00:00:00,114.6342441
2017-03-28 00:00:00,143.6222139
2017-03-29 00:00:00,118.5871491
2017-03-30 00:00:00,100.1402592
2017-03-31 00:00:00,72.46992442
2017-04-01 00:00:00,47.43485962
2017-04-02 00:00:00,54.02303457
2017-04-03 00:00:00,102.7755292
2017-04-04 00:00:00,80.37573436
2017-04-05 00:00:00,85.64627431
2017-04-06 00:00:00,93.55208425
2017-04-07 00:00:00,83.01100434
2017-04-08 00:00:00,34.25850973
2017-04-09 00:00:00,28.98796977
2017-04-10 00:00:00,40.84668467
2017-04-11 00:00:00,81.69336935
2017-04-12 00:00:00,130.445864
2017-04-13 00:00:00,83.01100434
2017-04-14 00:00:00,75.1051944
2017-04-15 00:00:00,39.52904968
2017-04-16 00:00:00,30.30560476
2017-04-17 00:00:00,43.48195465
2017-04-18 00:00:00,97.50498922
2017-04-19 00:00:00,80.37573436
2017-04-20 00:00:00,98.82262421
2017-04-21 00:00:00,126.492959
2017-04-22 00:00:00,43.48195465
2017-04-23 00:00:00,36.8937797
2017-04-24 00:00:00,77.74046438
2017-04-25 00:00:00,88.28154429
2017-04-26 00:00:00,69.83465444
2017-04-27 00:00:00,86.9639093
2017-04-28 00:00:00,114.6342441
2017-04-29 00:00:00,48.75249461
2017-04-30 00:00:00,39.52904968
2017-05-01 00:00:00,54.02303457
2017-05-02 00:00:00,73.78755941
2017-05-03 00:00:00,92.23444926
2017-05-04 00:00:00,63.24647949
2017-05-05 00:00:00,50.0701296
2017-05-06 00:00:00,38.21141469
2017-05-07 00:00:00,36.8937797
2017-05-08 00:00:00,59.29357453
2017-05-09 00:00:00,102.7755292
2017-05-10 00:00:00,88.28154429
2017-05-11 00:00:00,135.7164039
2017-05-12 00:00:00,92.23444926
2017-05-13 00:00:00,35.57614472
2017-05-14 00:00:00,26.35269979
2017-05-15 00:00:00,73.78755941
2017-05-16 00:00:00,100.1402592
2017-05-17 00:00:00,89.59917928
2017-05-18 00:00:00,76.42282939
2017-05-19 00:00:00,140.9869439
2017-05-20 00:00:00,47.43485962
2017-05-21 00:00:00,35.57614472
2017-05-22 00:00:00,125.175324
2017-05-23 00:00:00,100.1402592
2017-05-24 00:00:00,97.50498922
2017-05-25 00:00:00,73.78755941
2017-05-26 00:00:00,67.19938446
2017-05-27 00:00:00,21.08215983
2017-05-28 00:00:00,35.57614472
2017-05-29 00:00:00,44.79958964
2017-05-30 00:00:00,119.904784
2017-05-31 00:00:00,108.0460691
2017-06-01 00:00:00,143.6222139
2017-06-02 00:00:00,130.445864
2017-06-03 00:00:00,46.11722463
2017-06-04 00:00:00,28.98796977
2017-06-05 00:00:00,151.5280238
2017-06-06 00:00:00,144.9398488
2017-06-07 00:00:00,187.1041685
2017-06-08 00:00:00,279.3386178
2017-06-09 00:00:00,416.3726567
2017-06-10 00:00:00,117.2695141
2017-06-11 00:00:00,98.82262421
2017-06-12 00:00:00,167.3396437
2017-06-13 00:00:00,121.222419
2017-06-14 00:00:00,110.6813391
2017-06-15 00:00:00,126.492959
2017-06-16 00:00:00,60.61120952
2017-06-17 00:00:00,40.84668467
2017-06-18 00:00:00,38.21141469
2017-06-19 00:00:00,72.46992442
2017-06-20 00:00:00,129.128229
2017-06-21 00:00:00,79.05809937
2017-06-22 00:00:00,85.64627431
2017-06-23 00:00:00,125.175324
2017-06-24 00:00:00,80.37573436
2017-06-25 00:00:00,43.48195465
2017-06-26 00:00:00,104.0931642
2017-06-27 00:00:00,150.2103888
2017-06-28 00:00:00,121.222419
2017-06-29 00:00:00,105.4107992
2017-06-30 00:00:00,72.46992442
2017-07-01 00:00:00,32.94087474
2017-07-02 00:00:00,48.75249461
2017-07-03 00:00:00,72.46992442
2017-07-04 00:00:00,67.19938446
2017-07-05 00:00:00,131.7634989
2017-07-06 00:00:00,104.0931642
2017-07-07 00:00:00,73.78755941
2017-07-08 00:00:00,27.67033478
2017-07-09 00:00:00,51.38776459
2017-07-10 00:00:00,69.83465444
2017-07-11 00:00:00,56.65830455
2017-07-12 00:00:00,139.6693089
2017-07-13 00:00:00,101.4578942
2017-07-14 00:00:00,55.34066956
2017-07-15 00:00:00,43.48195465
2017-07-16 00:00:00,43.48195465
2017-07-17 00:00:00,44.79958964
2017-07-18 00:00:00,180.5159936
2017-07-19 00:00:00,79.05809937
2017-07-20 00:00:00,92.23444926
2017-07-21 00:00:00,81.69336935
2017-07-22 00:00:00,28.98796977
2017-07-23 00:00:00,35.57614472
2017-07-24 00:00:00,106.7284341
2017-07-25 00:00:00,83.01100434
2017-07-26 00:00:00,125.175324
2017-07-27 00:00:00,144.9398488
2017-07-28 00:00:00,96.18735423
2017-07-29 00:00:00,27.67033478
2017-07-30 00:00:00,40.84668467
2017-07-31 00:00:00,67.19938446
2017-08-01 00:00:00,69.83465444
2017-08-02 00:00:00,85.64627431
2017-08-03 00:00:00,172.6101836
2017-08-04 00:00:00,133.0811339
2017-08-05 00:00:00,42.16431966
2017-08-06 00:00:00,32.94087474
2017-08-07 00:00:00,73.78755941
2017-08-08 00:00:00,64.56411448
2017-08-09 00:00:00,59.29357453
2017-08-10 00:00:00,77.74046438
2017-08-11 00:00:00,80.37573436
2017-08-12 00:00:00,48.75249461
2017-08-13 00:00:00,43.48195465
2017-08-14 00:00:00,48.75249461
2017-08-15 00:00:00,68.51701945
2017-08-16 00:00:00,75.1051944
2017-08-17 00:00:00,105.4107992
2017-08-18 00:00:00,86.9639093
2017-08-19 00:00:00,23.71742981
2017-08-20 00:00:00,36.8937797
2017-08-21 00:00:00,142.3045789
2017-08-22 00:00:00,47.43485962
2017-08-23 00:00:00,111.9989741
2017-08-24 00:00:00,135.7164039
2017-08-25 00:00:00,59.29357453
2017-08-26 00:00:00,40.84668467
2017-08-27 00:00:00,39.52904968
2017-08-28 00:00:00,72.46992442
2017-08-29 00:00:00,81.69336935
2017-08-30 00:00:00,75.1051944
2017-08-31 00:00:00,50.0701296
2017-09-01 00:00:00,79.05809937
2017-09-02 00:00:00,34.25850973
2017-09-03 00:00:00,40.84668467
2017-09-04 00:00:00,93.55208425
2017-09-05 00:00:00,126.492959
2017-09-06 00:00:00,88.28154429
2017-09-07 00:00:00,85.64627431
2017-09-08 00:00:00,55.34066956
2017-09-09 00:00:00,35.57614472
2017-09-10 00:00:00,27.67033478
2017-09-11 00:00:00,65.88174947
2017-09-12 00:00:00,68.51701945
2017-09-13 00:00:00,75.1051944
2017-09-14 00:00:00,84.32863933
2017-09-15 00:00:00,59.29357453
2017-09-16 00:00:00,34.25850973
2017-09-17 00:00:00,36.8937797
2017-09-18 00:00:00,80.37573436
2017-09-19 00:00:00,61.9288445
2017-09-20 00:00:00,73.78755941
2017-09-21 00:00:00,63.24647949
2017-09-22 00:00:00,56.65830455
2017-09-23 00:00:00,77.74046438
2017-09-24 00:00:00,54.02303457
2017-09-25 00:00:00,81.69336935
2017-09-26 00:00:00,84.32863933
2017-09-27 00:00:00,94.86971924
2017-09-28 00:00:00,81.69336935
2017-09-29 00:00:00,47.43485962
2017-09-30 00:00:00,38.21141469
2017-10-01 00:00:00,47.43485962
2017-10-02 00:00:00,81.69336935
2017-10-03 00:00:00,88.28154429
2017-10-04 00:00:00,92.23444926
2017-10-05 00:00:00,130.445864
2017-10-06 00:00:00,76.42282939
2017-10-07 00:00:00,42.16431966
2017-10-08 00:00:00,35.57614472
2017-10-09 00:00:00,83.01100434
2017-10-10 00:00:00,106.7284341
2017-10-11 00:00:00,318.8676674
2017-10-12 00:00:00,140.9869439
2017-10-13 00:00:00,54.02303457
2017-10-14 00:00:00,48.75249461
2017-10-15 00:00:00,42.16431966
2017-10-16 00:00:00,61.9288445
2017-10-17 00:00:00,100.1402592
2017-10-18 00:00:00,122.540054
2017-10-19 00:00:00,73.78755941
2017-10-20 00:00:00,76.42282939
2017-10-21 00:00:00,46.11722463
2017-10-22 00:00:00,61.9288445
2017-10-23 00:00:00,89.59917928
2017-10-24 00:00:00,84.32863933
2017-10-25 00:00:00,113.3166091
2017-10-26 00:00:00,79.05809937
2017-10-27 00:00:00,93.55208425
2017-10-28 00:00:00,46.11722463
2017-10-29 00:00:00,57.97593954
2017-10-30 00:00:00,88.28154429
2017-10-31 00:00:00,61.9288445
2017-11-01 00:00:00,54.02303457
2017-11-02 00:00:00,84.32863933
2017-11-03 00:00:00,64.56411448
2017-11-04 00:00:00,34.25850973
2017-11-05 00:00:00,25.0350648
2017-11-06 00:00:00,94.86971924
2017-11-07 00:00:00,56.65830455
2017-11-08 00:00:00,119.904784
2017-11-09 00:00:00,109.3637041
2017-11-10 00:00:00,140.9869439
2017-11-11 00:00:00,47.43485962
2017-11-12 00:00:00,63.24647949
2017-11-13 00:00:00,84.32863933
2017-11-14 00:00:00,100.1402592
2017-11-15 00:00:00,122.540054
2017-11-16 00:00:00,94.86971924
2017-11-17 00:00:00,93.55208425
2017-11-18 00:00:00,59.29357453
2017-11-19 00:00:00,43.48195465
2017-11-20 00:00:00,154.1632938
2017-11-21 00:00:00,146.2574838
2017-11-22 00:00:00,187.1041685
2017-11-23 00:00:00,134.3987689
2017-11-24 00:00:00,123.857689
2017-11-25 00:00:00,63.24647949
2017-11-26 00:00:00,75.1051944
2017-11-27 00:00:00,110.6813391
2017-11-28 00:00:00,93.55208425
2017-11-29 00:00:00,89.59917928
2017-11-30 00:00:00,97.50498922
2017-12-01 00:00:00,108.0460691
2017-12-02 00:00:00,63.24647949
2017-12-03 00:00:00,65.88174947
2017-12-04 00:00:00,139.6693089
2017-12-05 00:00:00,113.3166091
2017-12-06 00:00:00,117.2695141
2017-12-07 00:00:00,118.5871491
2017-12-08 00:00:00,101.4578942
2017-12-09 00:00:00,51.38776459
2017-12-10 00:00:00,40.84668467
2017-12-11 00:00:00,123.857689
2017-12-12 00:00:00,98.82262421
2017-12-13 00:00:00,110.6813391
2017-12-14 00:00:00,115.9518791
2017-12-15 00:00:00,129.128229
2017-12-16 00:00:00,60.61120952
2017-12-17 00:00:00,43.48195465
2017-12-18 00:00:00,97.50498922
2017-12-19 00:00:00,108.0460691
2017-12-20 00:00:00,179.1983586
2017-12-21 00:00:00,104.0931642
2017-12-22 00:00:00,92.23444926
2017-12-23 00:00:00,60.61120952
2017-12-24 00:00:00,51.38776459
2017-12-25 00:00:00,26.35269979
2017-12-26 00:00:00,34.25850973
2017-12-27 00:00:00,64.56411448
2017-12-28 00:00:00,73.78755941
2017-12-29 00:00:00,89.59917928
2017-12-30 00:00:00,39.52904968
2017-12-31 00:00:00,44.79958964
2018-01-01 00:00:00,44.79958964
2018-01-02 00:00:00,85.64627431
2018-01-03 00:00:00,94.86971924
2018-01-04 00:00:00,96.18735423
2018-01-05 00:00:00,79.05809937
2018-01-06 00:00:00,55.34066956
2018-01-07 00:00:00,52.70539958
2018-01-08 00:00:00,114.6342441
2018-01-09 00:00:00,96.18735423
2018-01-10 00:00:00,86.9639093
2018-01-11 00:00:00,90.91681427
2018-01-12 00:00:00,73.78755941
2018-01-13 00:00:00,46.11722463
2018-01-14 00:00:00,48.75249461
2018-01-15 00:00:00,68.51701945
2018-01-16 00:00:00,134.3987689
2018-01-17 00:00:00,131.7634989
2018-01-18 00:00:00,118.5871491
2018-01-19 00:00:00,135.7164039
2018-01-20 00:00:00,55.34066956
2018-01-21 00:00:00,52.70539958
2018-01-22 00:00:00,138.3516739
2018-01-23 00:00:00,138.3516739
2018-01-24 00:00:00,137.0340389
2018-01-25 00:00:00,127.810594
2018-01-26 00:00:00,129.128229
2018-01-27 00:00:00,46.11722463
2018-01-28 00:00:00,64.56411448
2018-01-29 00:00:00,96.18735423
2018-01-30 00:00:00,156.7985637
2018-01-31 00:00:00,137.0340389
2018-02-01 00:00:00,92.23444926
2018-02-02 00:00:00,113.3166091
2018-02-03 00:00:00,56.65830455
2018-02-04 00:00:00,56.65830455
2018-02-05 00:00:00,131.7634989
2018-02-06 00:00:00,156.7985637
2018-02-07 00:00:00,123.857689
2018-02-08 00:00:00,183.1512635
2018-02-09 00:00:00,115.9518791
2018-02-10 00:00:00,47.43485962
2018-02-11 00:00:00,56.65830455
2018-02-12 00:00:00,90.91681427
2018-02-13 00:00:00,104.0931642
2018-02-14 00:00:00,114.6342441
2018-02-15 00:00:00,90.91681427
2018-02-16 00:00:00,84.32863933
2018-02-17 00:00:00,50.0701296
2018-02-18 00:00:00,50.0701296
2018-02-19 00:00:00,93.55208425
2018-02-20 00:00:00,111.9989741
2018-02-21 00:00:00,85.64627431
2018-02-22 00:00:00,102.7755292
2018-02-23 00:00:00,89.59917928
2018-02-24 00:00:00,50.0701296
2018-02-25 00:00:00,40.84668467
2018-02-26 00:00:00,93.55208425
2018-02-27 00:00:00,109.3637041
2018-02-28 00:00:00,150.2103888
2018-03-01 00:00:00,113.3166091
2018-03-02 00:00:00,113.3166091
2018-03-03 00:00:00,67.19938446
2018-03-04 00:00:00,71.15228943
2018-03-05 00:00:00,138.3516739
2018-03-06 00:00:00,125.175324
2018-03-07 00:00:00,177.8807236
2018-03-08 00:00:00,160.7514687
2018-03-09 00:00:00,98.82262421
2018-03-10 00:00:00,63.24647949
2018-03-11 00:00:00,54.02303457
2018-03-12 00:00:00,129.128229
2018-03-13 00:00:00,231.9037581
2018-03-14 00:00:00,97.50498922
2018-03-15 00:00:00,86.9639093
2018-03-16 00:00:00,85.64627431
2018-03-17 00:00:00,34.25850973
2018-03-18 00:00:00,44.79958964
2018-03-19 00:00:00,104.0931642
2018-03-20 00:00:00,92.23444926
2018-03-21 00:00:00,89.59917928
2018-03-22 00:00:00,113.3166091
2018-03-23 00:00:00,104.0931642
2018-03-24 00:00:00,36.8937797
2018-03-25 00:00:00,64.56411448
2018-03-26 00:00:00,90.91681427
2018-03-27 00:00:00,101.4578942
2018-03-28 00:00:00,83.01100434
2018-03-29 00:00:00,85.64627431
2018-03-30 00:00:00,65.88174947
2018-03-31 00:00:00,43.48195465
2018-04-01 00:00:00,46.11722463
2018-04-02 00:00:00,73.78755941
2018-04-03 00:00:00,102.7755292
2018-04-04 00:00:00,156.7985637
2018-04-05 00:00:00,86.9639093
2018-04-06 00:00:00,151.5280238
2018-04-07 00:00:00,63.24647949
2018-04-08 00:00:00,38.21141469
2018-04-09 00:00:00,106.7284341
2018-04-10 00:00:00,90.91681427
2018-04-11 00:00:00,122.540054
2018-04-12 00:00:00,100.1402592
2018-04-13 00:00:00,89.59917928
2018-04-14 00:00:00,59.29357453
2018-04-15 00:00:00,48.75249461
2018-04-16 00:00:00,96.18735423
2018-04-17 00:00:00,86.9639093
2018-04-18 00:00:00,125.175324
2018-04-19 00:00:00,83.01100434
2018-04-20 00:00:00,109.3637041
2018-04-21 00:00:00,32.94087474
2018-04-22 00:00:00,44.79958964
2018-04-23 00:00:00,64.56411448
2018-04-24 00:00:00,72.46992442
2018-04-25 00:00:00,80.37573436
2018-04-26 00:00:00,89.59917928
2018-04-27 00:00:00,102.7755292
2018-04-28 00:00:00,57.97593954
2018-04-29 00:00:00,52.70539958
2018-04-30 00:00:00,75.1051944
2018-05-01 00:00:00,96.18735423
2018-05-02 00:00:00,100.1402592
2018-05-03 00:00:00,101.4578942
2018-05-04 00:00:00,122.540054
2018-05-05 00:00:00,89.59917928
2018-05-06 00:00:00,56.65830455
2018-05-07 00:00:00,80.37573436
2018-05-08 00:00:00,146.2574838
2018-05-09 00:00:00,106.7284341
2018-05-10 00:00:00,171.2925486
2018-05-11 00:00:00,96.18735423
2018-05-12 00:00:00,56.65830455
2018-05-13 00:00:00,35.57614472
2018-05-14 00:00:00,85.64627431
2018-05-15 00:00:00,75.1051944
2018-05-16 00:00:00,105.4107992
2018-05-17 00:00:00,92.23444926
2018-05-18 00:00:00,69.83465444
2018-05-19 00:00:00,31.62323975
2018-05-20 00:00:00,46.11722463
2018-05-21 00:00:00,64.56411448
2018-05-22 00:00:00,100.1402592
2018-05-23 00:00:00,129.128229
2018-05-24 00:00:00,131.7634989
2018-05-25 00:00:00,97.50498922
2018-05-26 00:00:00,63.24647949
2018-05-27 00:00:00,34.25850973
2018-05-28 00:00:00,80.37573436
2018-05-29 00:00:00,125.175324
2018-05-30 00:00:00,130.445864
2018-05-31 00:00:00,133.0811339
2018-06-01 00:00:00,143.6222139
2018-06-02 00:00:00,71.15228943
2018-06-03 00:00:00,60.61120952
2018-06-04 00:00:00,122.540054
2018-06-05 00:00:00,94.86971924
2018-06-06 00:00:00,114.6342441
2018-06-07 00:00:00,102.7755292
2018-06-08 00:00:00,122.540054
2018-06-09 00:00:00,67.19938446
2018-06-10 00:00:00,80.37573436
2018-06-11 00:00:00,110.6813391
2018-06-12 00:00:00,104.0931642
2018-06-13 00:00:00,119.904784
2018-06-14 00:00:00,156.7985637
2018-06-15 00:00:00,133.0811339
2018-06-16 00:00:00,59.29357453
2018-06-17 00:00:00,76.42282939
2018-06-18 00:00:00,88.28154429
2018-06-19 00:00:00,122.540054
2018-06-20 00:00:00,104.0931642
2018-06-21 00:00:00,127.810594
2018-06-22 00:00:00,113.3166091
2018-06-23 00:00:00,96.18735423
2018-06-24 00:00:00,84.32863933
2018-06-25 00:00:00,108.0460691
2018-06-26 00:00:00,155.4809288
2018-06-27 00:00:00,131.7634989
2018-06-28 00:00:00,121.222419
2018-06-29 00:00:00,105.4107992
2018-06-30 00:00:00,50.0701296
2018-07-01 00:00:00,56.65830455
2018-07-02 00:00:00,137.0340389
2018-07-03 00:00:00,108.0460691
2018-07-04 00:00:00,83.01100434
2018-07-05 00:00:00,119.904784
2018-07-06 00:00:00,146.2574838
2018-07-07 00:00:00,68.51701945
2018-07-08 00:00:00,43.48195465
2018-07-09 00:00:00,114.6342441
2018-07-10 00:00:00,196.3276134
2018-07-11 00:00:00,110.6813391
2018-07-12 00:00:00,135.7164039
2018-07-13 00:00:00,117.2695141
2018-07-14 00:00:00,51.38776459
2018-07-15 00:00:00,47.43485962
2018-07-16 00:00:00,135.7164039
2018-07-17 00:00:00,130.445864
2018-07-18 00:00:00,134.3987689
2018-07-19 00:00:00,106.7284341
2018-07-20 00:00:00,92.23444926
2018-07-21 00:00:00,63.24647949
2018-07-22 00:00:00,57.97593954
2018-07-23 00:00:00,158.1161987
2018-07-24 00:00:00,130.445864
2018-07-25 00:00:00,122.540054
2018-07-26 00:00:00,114.6342441
2018-07-27 00:00:00,108.0460691
2018-07-28 00:00:00,79.05809937
2018-07-29 00:00:00,67.19938446
2018-07-30 00:00:00,98.82262421
2018-07-31 00:00:00,105.4107992
2018-08-01 00:00:00,104.0931642
2018-08-02 00:00:00,146.2574838
2018-08-03 00:00:00,125.175324
2018-08-04 00:00:00,60.61120952
2018-08-05 00:00:00,47.43485962
2018-08-06 00:00:00,96.18735423
2018-08-07 00:00:00,101.4578942
2018-08-08 00:00:00,94.86971924
2018-08-09 00:00:00,100.1402592
2018-08-10 00:00:00,117.2695141
2018-08-11 00:00:00,54.02303457
2018-08-12 00:00:00,75.1051944
2018-08-13 00:00:00,118.5871491
2018-08-14 00:00:00,160.7514687
2018-08-15 00:00:00,109.3637041
2018-08-16 00:00:00,126.492959
2018-08-17 00:00:00,90.91681427
2018-08-18 00:00:00,65.88174947
2018-08-19 00:00:00,65.88174947
2018-08-20 00:00:00,93.55208425
2018-08-21 00:00:00,108.0460691
2018-08-22 00:00:00,98.82262421
2018-08-23 00:00:00,138.3516739
2018-08-24 00:00:00,97.50498922
2018-08-25 00:00:00,67.19938446
2018-08-26 00:00:00,57.97593954
2018-08-27 00:00:00,108.0460691
2018-08-28 00:00:00,117.2695141
2018-08-29 00:00:00,84.32863933
2018-08-30 00:00:00,93.55208425
2018-08-31 00:00:00,102.7755292
2018-09-01 00:00:00,48.75249461
2018-09-02 00:00:00,48.75249461
2018-09-03 00:00:00,85.64627431
2018-09-04 00:00:00,122.540054
2018-09-05 00:00:00,138.3516739
2018-09-06 00:00:00,111.9989741
2018-09-07 00:00:00,106.7284341
2018-09-08 00:00:00,72.46992442
2018-09-09 00:00:00,60.61120952
2018-09-10 00:00:00,130.445864
2018-09-11 00:00:00,105.4107992
2018-09-12 00:00:00,127.810594
2018-09-13 00:00:00,160.7514687
2018-09-14 00:00:00,110.6813391
2018-09-15 00:00:00,43.48195465
2018-09-16 00:00:00,61.9288445
2018-09-17 00:00:00,177.8807236
2018-09-18 00:00:00,130.445864
2018-09-19 00:00:00,123.857689
2018-09-20 00:00:00,181.8336285
2018-09-21 00:00:00,118.5871491
2018-09-22 00:00:00,75.1051944
2018-09-23 00:00:00,83.01100434
2018-09-24 00:00:00,131.7634989
2018-09-25 00:00:00,158.1161987
2018-09-26 00:00:00,146.2574838
2018-09-27 00:00:00,101.4578942
2018-09-28 00:00:00,98.82262421
2018-09-29 00:00:00,84.32863933
2018-09-30 00:00:00,61.9288445
2018-10-01 00:00:00,159.4338337
2018-10-02 00:00:00,138.3516739
2018-10-03 00:00:00,137.0340389
2018-10-04 00:00:00,151.5280238
2018-10-05 00:00:00,117.2695141
2018-10-06 00:00:00,68.51701945
2018-10-07 00:00:00,56.65830455
2018-10-08 00:00:00,191.0570735
2018-10-09 00:00:00,187.1041685
2018-10-10 00:00:00,160.7514687
2018-10-11 00:00:00,188.4218035
2018-10-12 00:00:00,140.9869439
2018-10-13 00:00:00,79.05809937
2018-10-14 00:00:00,93.55208425
2018-10-15 00:00:00,134.3987689
2018-10-16 00:00:00,126.492959
2018-10-17 00:00:00,129.128229
2018-10-18 00:00:00,189.7394385
2018-10-19 00:00:00,117.2695141
2018-10-20 00:00:00,73.78755941
2018-10-21 00:00:00,76.42282939
2018-10-22 00:00:00,92.23444926
2018-10-23 00:00:00,173.9278186
2018-10-24 00:00:00,204.2334234
2018-10-25 00:00:00,148.8927538
2018-10-26 00:00:00,205.5510584
2018-10-27 00:00:00,80.37573436
2018-10-28 00:00:00,72.46992442
2018-10-29 00:00:00,184.4688985
2018-10-30 00:00:00,150.2103888
2018-10-31 00:00:00,111.9989741
2018-11-01 00:00:00,163.3867387
2018-11-02 00:00:00,200.2805184
2018-11-03 00:00:00,89.59917928
2018-11-04 00:00:00,90.91681427
2018-11-05 00:00:00,135.7164039
2018-11-06 00:00:00,146.2574838
2018-11-07 00:00:00,168.6572787
2018-11-08 00:00:00,156.7985637
2018-11-09 00:00:00,147.5751188
2018-11-10 00:00:00,60.61120952
2018-11-11 00:00:00,64.56411448
2018-11-12 00:00:00,131.7634989
2018-11-13 00:00:00,130.445864
2018-11-14 00:00:00,148.8927538
2018-11-15 00:00:00,214.7745033
2018-11-16 00:00:00,138.3516739
2018-11-17 00:00:00,88.28154429
2018-11-18 00:00:00,101.4578942
2018-11-19 00:00:00,152.8456588
2018-11-20 00:00:00,163.3867387
2018-11-21 00:00:00,111.9989741
2018-11-22 00:00:00,140.9869439
2018-11-23 00:00:00,113.3166091
2018-11-24 00:00:00,63.24647949
2018-11-25 00:00:00,94.86971924
2018-11-26 00:00:00,191.0570735
2018-11-27 00:00:00,164.7043737
2018-11-28 00:00:00,223.9979482
2018-11-29 00:00:00,193.6923435
2018-11-30 00:00:00,188.4218035
2018-12-01 00:00:00,94.86971924
2018-12-02 00:00:00,93.55208425
2018-12-03 00:00:00,144.9398488
2018-12-04 00:00:00,180.5159936
2018-12-05 00:00:00,254.303553
2018-12-06 00:00:00,264.8446329
2018-12-07 00:00:00,449.3135314
2018-12-08 00:00:00,125.175324
2018-12-09 00:00:00,94.86971924
2018-12-10 00:00:00,419.0079266
2018-12-11 00:00:00,339.9498273
2018-12-12 00:00:00,313.5971275
2018-12-13 00:00:00,280.6562528
2018-12-14 00:00:00,216.0921383
2018-12-15 00:00:00,110.6813391
2018-12-16 00:00:00,101.4578942
2018-12-17 00:00:00,263.5269979
2018-12-18 00:00:00,242.4448381
2018-12-19 00:00:00,251.668283
2018-12-20 00:00:00,254.303553
2018-12-21 00:00:00,233.2213931
2018-12-22 00:00:00,118.5871491
2018-12-23 00:00:00,111.9989741
2018-12-24 00:00:00,266.1622679
2018-12-25 00:00:00,127.810594
2018-12-26 00:00:00,200.2805184
2018-12-27 00:00:00,191.0570735
2018-12-28 00:00:00,155.4809288
2018-12-29 00:00:00,104.0931642
2018-12-30 00:00:00,108.0460691
2018-12-31 00:00:00,159.4338337
2019-01-01 00:00:00,131.7634989
2019-01-02 00:00:00,237.1742981
2019-01-03 00:00:00,285.9267927
2019-01-04 00:00:00,304.3736826
2019-01-05 00:00:00,150.2103888
2019-01-06 00:00:00,135.7164039
2019-01-07 00:00:00,218.7274083
2019-01-08 00:00:00,193.6923435
2019-01-09 00:00:00,192.3747085
2019-01-10 00:00:00,285.9267927
2019-01-11 00:00:00,221.3626782
2019-01-12 00:00:00,93.55208425
2019-01-13 00:00:00,96.18735423
2019-01-14 00:00:00,259.5740929
2019-01-15 00:00:00,314.9147625
2019-01-16 00:00:00,380.796512
2019-01-17 00:00:00,318.8676674
2019-01-18 00:00:00,234.5390281
2019-01-19 00:00:00,156.7985637
2019-01-20 00:00:00,100.1402592
2019-01-21 00:00:00,256.9388229
2019-01-22 00:00:00,353.1261772
2019-01-23 00:00:00,299.1031426
2019-01-24 00:00:00,321.5029374
2019-01-25 00:00:00,243.7624731
2019-01-26 00:00:00,123.857689
2019-01-27 00:00:00,96.18735423
2019-01-28 00:00:00,260.8917279
2019-01-29 00:00:00,249.033013
2019-01-30 00:00:00,271.4328078
2019-01-31 00:00:00,242.4448381
2019-02-01 00:00:00,204.2334234
2019-02-02 00:00:00,96.18735423
2019-02-03 00:00:00,177.8807236
2019-02-04 00:00:00,169.9749136
2019-02-05 00:00:00,235.8566631
2019-02-06 00:00:00,222.6803132
2019-02-07 00:00:00,396.6081318
2019-02-08 00:00:00,189.7394385
2019-02-09 00:00:00,109.3637041
2019-02-10 00:00:00,100.1402592
2019-02-11 00:00:00,433.5019115
2019-02-12 00:00:00,226.6332182
2019-02-13 00:00:00,227.9508532
2019-02-14 00:00:00,222.6803132
2019-02-15 00:00:00,200.2805184
2019-02-16 00:00:00,101.4578942
2019-02-17 00:00:00,122.540054
2019-02-18 00:00:00,184.4688985
2019-02-19 00:00:00,284.6091577
2019-02-20 00:00:00,223.9979482
2019-02-21 00:00:00,222.6803132
2019-02-22 00:00:00,201.5981534
2019-02-23 00:00:00,101.4578942
2019-02-24 00:00:00,114.6342441
2019-02-25 00:00:00,217.4097733
2019-02-26 00:00:00,251.668283
2019-02-27 00:00:00,200.2805184
2019-02-28 00:00:00,247.715378
2019-03-01 00:00:00,196.3276134
2019-03-02 00:00:00,98.82262421
2019-03-03 00:00:00,88.28154429
2019-03-04 00:00:00,176.5630886
2019-03-05 00:00:00,229.2684882
2019-03-06 00:00:00,247.715378
2019-03-07 00:00:00,229.2684882
2019-03-08 00:00:00,168.6572787
2019-03-09 00:00:00,86.9639093
2019-03-10 00:00:00,126.492959
2019-03-11 00:00:00,181.8336285
2019-03-12 00:00:00,313.5971275
2019-03-13 00:00:00,470.3956912
2019-03-14 00:00:00,256.9388229
2019-03-15 00:00:00,147.5751188
2019-03-16 00:00:00,97.50498922
2019-03-17 00:00:00,84.32863933
2019-03-18 00:00:00,192.3747085
2019-03-19 00:00:00,259.5740929
2019-03-20 00:00:00,250.350648
2019-03-21 00:00:00,235.8566631
2019-03-22 00:00:00,205.5510584
2019-03-23 00:00:00,109.3637041
2019-03-24 00:00:00,102.7755292
2019-03-25 00:00:00,193.6923435
2019-03-26 00:00:00,218.7274083
2019-03-27 00:00:00,192.3747085
2019-03-28 00:00:00,266.1622679
2019-03-29 00:00:00,262.2093629
2019-03-30 00:00:00,119.904784
2019-03-31 00:00:00,97.50498922
2019-04-01 00:00:00,241.1272031
2019-04-02 00:00:00,284.6091577
2019-04-03 00:00:00,274.0680778
2019-04-04 00:00:00,222.6803132
2019-04-05 00:00:00,237.1742981
2019-04-06 00:00:00,93.55208425
2019-04-07 00:00:00,105.4107992
2019-04-08 00:00:00,195.0099784
2019-04-09 00:00:00,193.6923435
2019-04-10 00:00:00,292.5149677
2019-04-11 00:00:00,312.2794925
2019-04-12 00:00:00,196.3276134
2019-04-13 00:00:00,102.7755292
2019-04-14 00:00:00,97.50498922
2019-04-15 00:00:00,164.7043737
2019-04-16 00:00:00,181.8336285
2019-04-17 00:00:00,168.6572787
2019-04-18 00:00:00,176.5630886
2019-04-19 00:00:00,137.0340389
2019-04-20 00:00:00,89.59917928
2019-04-21 00:00:00,46.11722463
2019-04-22 00:00:00,97.50498922
2019-04-23 00:00:00,183.1512635
2019-04-24 00:00:00,192.3747085
2019-04-25 00:00:00,192.3747085
2019-04-26 00:00:00,152.8456588
2019-04-27 00:00:00,64.56411448
2019-04-28 00:00:00,71.15228943
2019-04-29 00:00:00,206.8686933
2019-04-30 00:00:00,146.2574838
2019-05-01 00:00:00,166.0220087
2019-05-02 00:00:00,206.8686933
2019-05-03 00:00:00,176.5630886
2019-05-04 00:00:00,67.19938446
2019-05-05 00:00:00,86.9639093
2019-05-06 00:00:00,160.7514687
2019-05-07 00:00:00,213.4568683
2019-05-08 00:00:00,229.2684882
2019-05-09 00:00:00,155.4809288
2019-05-10 00:00:00,180.5159936
2019-05-11 00:00:00,71.15228943
2019-05-12 00:00:00,92.23444926
2019-05-13 00:00:00,176.5630886
2019-05-14 00:00:00,187.1041685
2019-05-15 00:00:00,159.4338337
2019-05-16 00:00:00,183.1512635
2019-05-17 00:00:00,180.5159936
2019-05-18 00:00:00,86.9639093
2019-05-19 00:00:00,94.86971924
2019-05-20 00:00:00,168.6572787
2019-05-21 00:00:00,227.9508532
2019-05-22 00:00:00,295.1502376
2019-05-23 00:00:00,196.3276134
2019-05-24 00:00:00,160.7514687
2019-05-25 00:00:00,77.74046438
2019-05-26 00:00:00,68.51701945
2019-05-27 00:00:00,134.3987689
2019-05-28 00:00:00,192.3747085
2019-05-29 00:00:00,231.9037581
2019-05-30 00:00:00,197.6452484
2019-05-31 00:00:00,195.0099784
2019-06-01 00:00:00,104.0931642
2019-06-02 00:00:00,88.28154429
2019-06-03 00:00:00,164.7043737
2019-06-04 00:00:00,205.5510584
2019-06-05 00:00:00,231.9037581
2019-06-06 00:00:00,225.3155832
2019-06-07 00:00:00,237.1742981
2019-06-08 00:00:00,139.6693089
2019-06-09 00:00:00,109.3637041
2019-06-10 00:00:00,260.8917279
2019-06-11 00:00:00,255.621188
2019-06-12 00:00:00,214.7745033
2019-06-13 00:00:00,226.6332182
2019-06-14 00:00:00,208.1863283
2019-06-15 00:00:00,108.0460691
2019-06-16 00:00:00,79.05809937
2019-06-17 00:00:00,210.8215983
2019-06-18 00:00:00,266.1622679
2019-06-19 00:00:00,301.7384126
2019-06-20 00:00:00,274.0680778
2019-06-21 00:00:00,198.9628834
2019-06-22 00:00:00,129.128229
2019-06-23 00:00:00,96.18735423
2019-06-24 00:00:00,166.0220087
2019-06-25 00:00:00,222.6803132
2019-06-26 00:00:00,291.1973327
2019-06-27 00:00:00,213.4568683
2019-06-28 00:00:00,152.8456588
2019-06-29 00:00:00,96.18735423
2019-06-30 00:00:00,77.74046438
2019-07-01 00:00:00,218.7274083
2019-07-02 00:00:00,220.0450432
2019-07-03 00:00:00,237.1742981
2019-07-04 00:00:00,235.8566631
2019-07-05 00:00:00,172.6101836
2019-07-06 00:00:00,108.0460691
2019-07-07 00:00:00,68.51701945
2019-07-08 00:00:00,181.8336285
2019-07-09 00:00:00,202.9157884
2019-07-10 00:00:00,531.0069008
2019-07-11 00:00:00,214.7745033
2019-07-12 00:00:00,169.9749136
2019-07-13 00:00:00,68.51701945
2019-07-14 00:00:00,79.05809937
2019-07-15 00:00:00,143.6222139
2019-07-16 00:00:00,238.4919331
2019-07-17 00:00:00,209.5039633
2019-07-18 00:00:00,209.5039633
2019-07-19 00:00:00,159.4338337
2019-07-20 00:00:00,84.32863933
2019-07-21 00:00:00,73.78755941
2019-07-22 00:00:00,187.1041685
2019-07-23 00:00:00,250.350648
2019-07-24 00:00:00,214.7745033
2019-07-25 00:00:00,169.9749136
2019-07-26 00:00:00,181.8336285
2019-07-27 00:00:00,102.7755292
2019-07-28 00:00:00,150.2103888
2019-07-29 00:00:00,212.1392333
2019-07-30 00:00:00,202.9157884
2019-07-31 00:00:00,307.0089525
2019-08-01 00:00:00,420.3255616
2019-08-02 00:00:00,305.6913176
2019-08-03 00:00:00,172.6101836
2019-08-04 00:00:00,90.91681427
2019-08-05 00:00:00,217.4097733
2019-08-06 00:00:00,309.6442225
2019-08-07 00:00:00,270.1151728
2019-08-08 00:00:00,270.1151728
2019-08-09 00:00:00,599.5239202
2019-08-10 00:00:00,226.6332182
2019-08-11 00:00:00,123.857689
2019-08-12 00:00:00,235.8566631
2019-08-13 00:00:00,266.1622679
2019-08-14 00:00:00,442.7253565
2019-08-15 00:00:00,396.6081318
2019-08-16 00:00:00,263.5269979
2019-08-17 00:00:00,158.1161987
2019-08-18 00:00:00,180.5159936
2019-08-19 00:00:00,304.3736826
2019-08-20 00:00:00,330.7263824
2019-08-21 00:00:00,287.2444277
2019-08-22 00:00:00,270.1151728
2019-08-23 00:00:00,403.1963068
2019-08-24 00:00:00,206.8686933
2019-08-25 00:00:00,210.8215983
2019-08-26 00:00:00,341.2674623
2019-08-27 00:00:00,276.7033478
2019-08-28 00:00:00,379.478877
2019-08-29 00:00:00,329.4087474
2019-08-30 00:00:00,276.7033478
2019-08-31 00:00:00,154.1632938
2019-09-01 00:00:00,180.5159936
2019-09-02 00:00:00,288.5620627
2019-09-03 00:00:00,370.255432
2019-09-04 00:00:00,521.7834558
2019-09-05 00:00:00,366.3025271
2019-09-06 00:00:00,562.6301405
2019-09-07 00:00:00,233.2213931
2019-09-08 00:00:00,177.8807236
2019-09-09 00:00:00,376.843607
2019-09-10 00:00:00,341.2674623
2019-09-11 00:00:00,296.4678726
2019-09-12 00:00:00,272.7504428
2019-09-13 00:00:00,256.9388229
2019-09-14 00:00:00,118.5871491
2019-09-15 00:00:00,92.23444926
2019-09-16 00:00:00,230.5861232
2019-09-17 00:00:00,279.3386178
2019-09-18 00:00:00,366.3025271
2019-09-19 00:00:00,392.6552269
2019-09-20 00:00:00,227.9508532
2019-09-21 00:00:00,98.82262421
2019-09-22 00:00:00,122.540054
2019-09-23 00:00:00,288.5620627
2019-09-24 00:00:00,303.0560476
2019-09-25 00:00:00,262.2093629
2019-09-26 00:00:00,251.668283
2019-09-27 00:00:00,222.6803132
2019-09-28 00:00:00,146.2574838
2019-09-29 00:00:00,92.23444926
2019-09-30 00:00:00,233.2213931
2019-10-01 00:00:00,268.7975378
2019-10-02 00:00:00,308.3265875
2019-10-03 00:00:00,292.5149677
2019-10-04 00:00:00,309.6442225
2019-10-05 00:00:00,127.810594
2019-10-06 00:00:00,93.55208425
2019-10-07 00:00:00,238.4919331
2019-10-08 00:00:00,322.8205724
2019-10-09 00:00:00,314.9147625
2019-10-10 00:00:00,326.7734774
2019-10-11 00:00:00,231.9037581
2019-10-12 00:00:00,131.7634989
2019-10-13 00:00:00,144.9398488
2019-10-14 00:00:00,249.033013
2019-10-15 00:00:00,271.4328078
2019-10-16 00:00:00,307.0089525
2019-10-17 00:00:00,312.2794925
2019-10-18 00:00:00,334.6792873
2019-10-19 00:00:00,289.8796977
2019-10-20 00:00:00,180.5159936
2019-10-21 00:00:00,314.9147625
2019-10-22 00:00:00,341.2674623
2019-10-23 00:00:00,367.6201621
2019-10-24 00:00:00,266.1622679
2019-10-25 00:00:00,296.4678726
2019-10-26 00:00:00,130.445864
2019-10-27 00:00:00,94.86971924
2019-10-28 00:00:00,195.0099784
2019-10-29 00:00:00,235.8566631
2019-10-30 00:00:00,396.6081318
2019-10-31 00:00:00,275.3857128
2019-11-01 00:00:00,226.6332182
2019-11-02 00:00:00,117.2695141
2019-11-03 00:00:00,140.9869439
2019-11-04 00:00:00,201.5981534
2019-11-05 00:00:00,278.0209828
2019-11-06 00:00:00,229.2684882
2019-11-07 00:00:00,301.7384126
2019-11-08 00:00:00,213.4568683
2019-11-09 00:00:00,131.7634989
2019-11-10 00:00:00,101.4578942
2019-11-11 00:00:00,324.1382074
2019-11-12 00:00:00,216.0921383
2019-11-13 00:00:00,235.8566631
2019-11-14 00:00:00,250.350648
2019-11-15 00:00:00,171.2925486
2019-11-16 00:00:00,101.4578942
2019-11-17 00:00:00,97.50498922
2019-11-18 00:00:00,258.2564579
2019-11-19 00:00:00,242.4448381
2019-11-20 00:00:00,204.2334234
2019-11-21 00:00:00,209.5039633
2019-11-22 00:00:00,188.4218035
2019-11-23 00:00:00,108.0460691
2019-11-24 00:00:00,118.5871491
2019-11-25 00:00:00,125.175324
2019-11-26 00:00:00,235.8566631
2019-11-27 00:00:00,208.1863283
2019-11-28 00:00:00,217.4097733
2019-11-29 00:00:00,129.128229
2019-11-30 00:00:00,137.0340389
2019-12-01 00:00:00,90.91681427
2019-12-02 00:00:00,223.9979482
2019-12-03 00:00:00,202.9157884
2019-12-04 00:00:00,205.5510584
2019-12-05 00:00:00,233.2213931
2019-12-06 00:00:00,235.8566631
2019-12-07 00:00:00,179.1983586
2019-12-08 00:00:00,133.0811339
2019-12-09 00:00:00,218.7274083
2019-12-10 00:00:00,343.9027322
2019-12-11 00:00:00,272.7504428
2019-12-12 00:00:00,247.715378
2019-12-13 00:00:00,358.3967171
2019-12-14 00:00:00,169.9749136
2019-12-15 00:00:00,109.3637041
2019-12-16 00:00:00,225.3155832
2019-12-17 00:00:00,258.2564579
2019-12-18 00:00:00,176.5630886
2019-12-19 00:00:00,196.3276134
2019-12-20 00:00:00,184.4688985
2019-12-21 00:00:00,111.9989741
2019-12-22 00:00:00,73.78755941
2019-12-23 00:00:00,138.3516739
2019-12-24 00:00:00,94.86971924
2019-12-25 00:00:00,60.61120952
2019-12-26 00:00:00,85.64627431
2019-12-27 00:00:00,110.6813391
2019-12-28 00:00:00,98.82262421
2019-12-29 00:00:00,79.05809937
2019-12-30 00:00:00,113.3166091
2019-12-31 00:00:00,108.0460691
2020-01-01 00:00:00,73.78755941
2020-01-02 00:00:00,230.5861232
2020-01-03 00:00:00,183.1512635
2020-01-04 00:00:00,147.5751188
2020-01-05 00:00:00,88.28154429
2020-01-06 00:00:00,155.4809288
2020-01-07 00:00:00,195.0099784
2020-01-08 00:00:00,229.2684882
2020-01-09 00:00:00,252.985918
2020-01-10 00:00:00,222.6803132
2020-01-11 00:00:00,139.6693089
2020-01-12 00:00:00,97.50498922
2020-01-13 00:00:00,193.6923435
2020-01-14 00:00:00,222.6803132
2020-01-15 00:00:00,259.5740929
2020-01-16 00:00:00,205.5510584
2020-01-17 00:00:00,216.0921383
2020-01-18 00:00:00,133.0811339
2020-01-19 00:00:00,88.28154429
2020-01-20 00:00:00,200.2805184
2020-01-21 00:00:00,200.2805184
2020-01-22 00:00:00,209.5039633
2020-01-23 00:00:00,176.5630886
2020-01-24 00:00:00,200.2805184
2020-01-25 00:00:00,90.91681427
2020-01-26 00:00:00,109.3637041
2020-01-27 00:00:00,208.1863283
2020-01-28 00:00:00,243.7624731
2020-01-29 00:00:00,243.7624731
2020-01-30 00:00:00,291.1973327
2020-01-31 00:00:00,317.5500325
2020-02-01 00:00:00,148.8927538
2020-02-02 00:00:00,130.445864
2020-02-03 00:00:00,205.5510584
2020-02-04 00:00:00,167.3396437
2020-02-05 00:00:00,230.5861232
2020-02-06 00:00:00,192.3747085
2020-02-07 00:00:00,168.6572787
2020-02-08 00:00:00,97.50498922
2020-02-09 00:00:00,110.6813391
2020-02-10 00:00:00,214.7745033
2020-02-11 00:00:00,310.9618575
2020-02-12 00:00:00,238.4919331
2020-02-13 00:00:00,222.6803132
2020-02-14 00:00:00,146.2574838
2020-02-15 00:00:00,125.175324
2020-02-16 00:00:00,84.32863933
2020-02-17 00:00:00,148.8927538
2020-02-18 00:00:00,180.5159936
2020-02-19 00:00:00,197.6452484
2020-02-20 00:00:00,242.4448381
2020-02-21 00:00:00,202.9157884
2020-02-22 00:00:00,133.0811339
2020-02-23 00:00:00,106.7284341
2020-02-24 00:00:00,341.2674623
2020-02-25 00:00:00,260.8917279
2020-02-26 00:00:00,235.8566631
2020-02-27 00:00:00,297.7855076
2020-02-28 00:00:00,366.3025271
2020-03-01 00:00:00,122.540054
2020-03-02 00:00:00,238.4919331
2020-03-03 00:00:00,334.6792873
2020-03-04 00:00:00,284.6091577
2020-03-05 00:00:00,283.2915227
2020-03-06 00:00:00,354.4438122
2020-03-07 00:00:00,216.0921383
2020-03-08 00:00:00,125.175324
2020-03-09 00:00:00,561.3125055
2020-03-10 00:00:00,470.3956912
2020-03-11 00:00:00,550.7714256
2020-03-12 00:00:00,650.9116848
2020-03-13 00:00:00,637.7353349
2020-03-14 00:00:00,334.6792873
2020-03-15 00:00:00,412.4197517
2020-03-16 00:00:00,876.227268
2020-03-17 00:00:00,910.4857777
2020-03-18 00:00:00,959.2382723
2020-03-19 00:00:00,944.7442874
2020-03-20 00:00:00,880.180173
2020-03-21 00:00:00,502.018931
2020-03-22 00:00:00,502.018931
2020-03-23 00:00:00,932.8855725
2020-03-24 00:00:00,944.7442874
2020-03-25 00:00:00,818.2513285
2020-03-26 00:00:00,802.4397086
2020-03-27 00:00:00,714.1581643
2020-03-28 00:00:00,444.0429914
2020-03-29 00:00:00,339.9498273
2020-03-30 00:00:00,595.5710152
2020-03-31 00:00:00,624.558985
2020-04-01 00:00:00,699.6641794
2020-04-02 00:00:00,722.0639742
2020-04-03 00:00:00,736.5579591
2020-04-04 00:00:00,405.8315768
2020-04-05 00:00:00,313.5971275
2020-04-06 00:00:00,558.6772355
2020-04-07 00:00:00,566.5830455
2020-04-08 00:00:00,679.8996546
2020-04-09 00:00:00,791.8986287
2020-04-10 00:00:00,524.4187258
2020-04-11 00:00:00,368.937797
2020-04-12 00:00:00,283.2915227
2020-04-13 00:00:00,616.6531751
2020-04-14 00:00:00,729.9697842
2020-04-15 00:00:00,795.8515336
2020-04-16 00:00:00,797.1691686
2020-04-17 00:00:00,636.4176999
2020-04-18 00:00:00,320.1853024
2020-04-19 00:00:00,322.8205724
2020-04-20 00:00:00,664.0880347
2020-04-21 00:00:00,637.7353349
2020-04-22 00:00:00,619.288445
2020-04-23 00:00:00,809.0278835
2020-04-24 00:00:00,603.4768252
2020-04-25 00:00:00,337.3145573
2020-04-26 00:00:00,288.5620627
2020-04-27 00:00:00,558.6772355
2020-04-28 00:00:00,650.9116848
2020-04-29 00:00:00,577.1241254
2020-04-30 00:00:00,675.9467496
2020-05-01 00:00:00,473.0309612
2020-05-02 00:00:00,307.0089525
2020-05-03 00:00:00,267.4799029
2020-05-04 00:00:00,537.5950757
2020-05-05 00:00:00,643.0058749
2020-05-06 00:00:00,632.4647949
2020-05-07 00:00:00,689.1230995
2020-05-08 00:00:00,575.8064904
2020-05-09 00:00:00,310.9618575
2020-05-10 00:00:00,267.4799029
2020-05-11 00:00:00,538.9127107
2020-05-12 00:00:00,525.7363608
2020-05-13 00:00:00,822.2042334
2020-05-14 00:00:00,704.9347194
2020-05-15 00:00:00,511.2423759
2020-05-16 00:00:00,300.4207776
2020-05-17 00:00:00,288.5620627
2020-05-18 00:00:00,463.8075163
2020-05-19 00:00:00,492.7954861
2020-05-20 00:00:00,515.1952809
2020-05-21 00:00:00,554.7243306
2020-05-22 00:00:00,749.734309
2020-05-23 00:00:00,260.8917279
2020-05-24 00:00:00,242.4448381
2020-05-25 00:00:00,357.0790821
2020-05-26 00:00:00,434.8195465
2020-05-27 00:00:00,479.6191362
2020-05-28 00:00:00,466.4427863
2020-05-29 00:00:00,454.5840714
2020-05-30 00:00:00,247.715378
2020-05-31 00:00:00,214.7745033
2020-06-01 00:00:00,409.7844817
2020-06-02 00:00:00,368.937797
2020-06-03 00:00:00,412.4197517
2020-06-04 00:00:00,475.6662312
2020-06-05 00:00:00,426.9137366
2020-06-06 00:00:00,225.3155832
2020-06-07 00:00:00,204.2334234
2020-06-08 00:00:00,368.937797
2020-06-09 00:00:00,413.7373867
2020-06-10 00:00:00,475.6662312
2020-06-11 00:00:00,500.701296
2020-06-12 00:00:00,480.9367712
2020-06-13 00:00:00,258.2564579
2020-06-14 00:00:00,221.3626782
2020-06-15 00:00:00,412.4197517
2020-06-16 00:00:00,617.9708101
2020-06-17 00:00:00,491.4778511
2020-06-18 00:00:00,441.4077215
2020-06-19 00:00:00,362.3496221
2020-06-20 00:00:00,205.5510584
2020-06-21 00:00:00,183.1512635
2020-06-22 00:00:00,357.0790821
2020-06-23 00:00:00,444.0429914
2020-06-24 00:00:00,392.6552269
2020-06-25 00:00:00,473.0309612
2020-06-26 00:00:00,363.6672571
2020-06-27 00:00:00,220.0450432
2020-06-28 00:00:00,208.1863283
2020-06-29 00:00:00,390.0199569
2020-06-30 00:00:00,556.0419656
2020-07-01 00:00:00,533.6421707
2020-07-02 00:00:00,484.8896761
2020-07-03 00:00:00,353.1261772
2020-07-04 00:00:00,193.6923435
2020-07-05 00:00:00,218.7274083
2020-07-06 00:00:00,440.0900865
2020-07-07 00:00:00,482.2544061
2020-07-08 00:00:00,425.5961016
2020-07-09 00:00:00,449.3135314
2020-07-10 00:00:00,392.6552269
2020-07-11 00:00:00,278.0209828
2020-07-12 00:00:00,235.8566631
2020-07-13 00:00:00,446.6782614
2020-07-14 00:00:00,482.2544061
2020-07-15 00:00:00,540.2303457
2020-07-16 00:00:00,553.4066956
2020-07-17 00:00:00,416.3726567
2020-07-18 00:00:00,245.080108
2020-07-19 00:00:00,195.0099784
2020-07-20 00:00:00,364.9848921
2020-07-21 00:00:00,407.1492117
2020-07-22 00:00:00,461.1722463
2020-07-23 00:00:00,419.0079266
2020-07-24 00:00:00,405.8315768
2020-07-25 00:00:00,281.9738877
2020-07-26 00:00:00,287.2444277
2020-07-27 00:00:00,454.5840714
2020-07-28 00:00:00,490.1602161
2020-07-29 00:00:00,426.9137366
2020-07-30 00:00:00,487.5249461
2020-07-31 00:00:00,412.4197517
2020-08-01 00:00:00,198.9628834
2020-08-02 00:00:00,204.2334234
2020-08-03 00:00:00,378.161242
2020-08-04 00:00:00,421.6431966
2020-08-05 00:00:00,442.7253565
2020-08-06 00:00:00,465.1251513
2020-08-07 00:00:00,355.7614472
2020-08-08 00:00:00,208.1863283
2020-08-09 00:00:00,177.8807236
2020-08-10 00:00:00,388.7023219
2020-08-11 00:00:00,399.2434018
2020-08-12 00:00:00,459.8546113
2020-08-13 00:00:00,355.7614472
2020-08-14 00:00:00,341.2674623
2020-08-15 00:00:00,152.8456588
2020-08-16 00:00:00,175.2454536
2020-08-17 00:00:00,321.5029374
2020-08-18 00:00:00,320.1853024
2020-08-19 00:00:00,467.7604213
2020-08-20 00:00:00,516.5129159
2020-08-21 00:00:00,293.8326026
2020-08-22 00:00:00,233.2213931
2020-08-23 00:00:00,158.1161987
2020-08-24 00:00:00,262.2093629
2020-08-25 00:00:00,367.6201621
2020-08-26 00:00:00,386.0670519
2020-08-27 00:00:00,375.525972
2020-08-28 00:00:00,317.5500325
2020-08-29 00:00:00,185.7865335
2020-08-30 00:00:00,169.9749136
2020-08-31 00:00:00,301.7384126
2020-09-01 00:00:00,357.0790821
2020-09-02 00:00:00,376.843607
2020-09-03 00:00:00,26.35269979
2020-09-04 00:00:00,19.76452484
2020-09-05 00:00:00,152.8456588
2020-09-06 00:00:00,193.6923435
2020-09-07 00:00:00,258.2564579
2020-09-08 00:00:00,343.9027322
2020-09-09 00:00:00,333.3616523
2020-09-10 00:00:00,361.0319871
2020-09-11 00:00:00,260.8917279
2020-09-12 00:00:00,150.2103888
2020-09-13 00:00:00,142.3045789
2020-09-14 00:00:00,304.3736826
2020-09-15 00:00:00,347.8556372
